Date,DateYYYYMMDD,BRENT_SPOT,BRENT_FUT_NYM,INTRATE
24/01/2008,20080124,87.28,86.7,2.1818
25/01/2008,20080125,87.98,86.7,2.1681
28/01/2008,20080128,90.52,89.06,2.0972
29/01/2008,20080129,90.37,89.06,2.1617
30/01/2008,20080130,91.82,89.95,1.7791
31/01/2008,20080131,92.39,89.95,1.5905
01/02/2008,20080201,91.58,89.95,1.8248
04/02/2008,20080204,91.12,87.91,2.1227
05/02/2008,20080205,89.78,87.91,2.1694
06/02/2008,20080206,89.2,86.41,2.0876
07/02/2008,20080207,88.61,87.32,2.2099
08/02/2008,20080208,87.86,87.32,2.2006
11/02/2008,20080211,90.18,91.43,2.2338
12/02/2008,20080212,92.61,90.9,2.5342
13/02/2008,20080213,93.03,91.27,2.4856
14/02/2008,20080214,93.22,93.22,2.4879
15/02/2008,20080215,95.14,93.22,2.3679
18/02/2008,20080218,95.25,92.82,2.3781
19/02/2008,20080219,95.03,95.91,2.3749
20/02/2008,20080220,98.83,96.07,2.3937
21/02/2008,20080221,99.35,94.61,2.3349
22/02/2008,20080222,97.52,94.61,2.3322
25/02/2008,20080225,96.82,95.85,2.3419
26/02/2008,20080226,97.41,97.45,2.3326
27/02/2008,20080227,98.27,96.64,2.1896
28/02/2008,20080228,99.17,99.32,2.0569
29/02/2008,20080229,99.42,99.32,2.0797
03/03/2008,20080303,100.49,98.91,1.9927
04/03/2008,20080304,100.6,96.04,2.0367
05/03/2008,20080305,99.59,99.39,1.9397
06/03/2008,20080306,99.57,99.84,1.7357
07/03/2008,20080307,102.07,99.84,1.6643
10/03/2008,20080310,102.67,99.38,1.6768
11/03/2008,20080311,102.9,100.43,1.8226
12/03/2008,20080312,104.94,101.88,1.6466
13/03/2008,20080313,105.58,103.05,1.5701
14/03/2008,20080314,105.58,103.05,1.1778
17/03/2008,20080317,107.44,98.87,0.4526
18/03/2008,20080318,104.01,102.98,1.071
19/03/2008,20080319,104.38,98.41,1.071
20/03/2008,20080320,102.73,97.83,0.211
21/03/2008,20080321,101.53,97.83,0.2084
24/03/2008,20080324,99.4,97.43,0.4513
25/03/2008,20080325,100.11,98.35,1.346
26/03/2008,20080326,99.4,101.1,1.3129
27/03/2008,20080327,102.69,101.99,1.3026
28/03/2008,20080328,104.74,101.99,1.2924
31/03/2008,20080331,104.17,97.79,1.2006
01/04/2008,20080401,103.18,97.47,1.5023
02/04/2008,20080402,100.09,100.89,1.56
03/04/2008,20080403,101.16,99.45,1.5701
04/04/2008,20080404,102.74,99.45,1.5012
07/04/2008,20080407,103.75,104.12,1.4094
08/04/2008,20080408,106.33,103.43,1.2594
09/04/2008,20080409,106.54,105.09,1.0684
10/04/2008,20080410,107.07,105,0.8978
11/04/2008,20080411,108.66,105,0.8902
14/04/2008,20080414,108.34,106.39,0.8341
15/04/2008,20080415,109.07,108.42,0.7986
16/04/2008,20080416,111.19,109.67,0.8368
17/04/2008,20080417,111.88,109.74,0.9156
18/04/2008,20080418,112.58,109.74,0.8623
21/04/2008,20080421,112.34,111.51,0.7425
22/04/2008,20080422,114.02,112.86,0.6815
23/04/2008,20080423,115.04,113.39,0.7172
24/04/2008,20080424,115.7,110.99,0.7757
25/04/2008,20080425,115.32,110.99,0.7782
28/04/2008,20080428,115.81,112.91,0.969
29/04/2008,20080429,116.79,110.37,1.2722
30/04/2008,20080430,114.78,108.55,1.2034
01/05/2008,20080501,112.75,107.75,1.1549
02/05/2008,20080502,110.61,107.75,1.1549
05/05/2008,20080505,112.51,115.2,1.3126
06/05/2008,20080506,116.49,117.29,1.5447
07/05/2008,20080507,119.22,119.41,1.5676
08/05/2008,20080508,120.88,120.61,1.5574
09/05/2008,20080509,121.99,120.61,1.6006
12/05/2008,20080512,124.78,122.72,1.7277
13/05/2008,20080513,123.84,124.03,1.8837
14/05/2008,20080514,121.74,123.68,1.8632
15/05/2008,20080515,122.41,122.95,1.8377
16/05/2008,20080516,120.98,122.95,1.8452
19/05/2008,20080519,124.79,127.28,1.952
20/05/2008,20080520,124.75,131.21,1.9857
21/05/2008,20080521,126.2,135.66,1.9754
22/05/2008,20080522,129.91,131.5,1.983
23/05/2008,20080523,132.73,131.5,1.983
26/05/2008,20080526,132.07,132.45,1.9344
27/05/2008,20080527,132.51,129.55,1.9289
28/05/2008,20080528,130.41,130.8,2.006
29/05/2008,20080529,127.84,127.5,2.0238
30/05/2008,20080530,128.87,127.5,1.9931
02/06/2008,20080602,127.5,129.33,1.9545
03/06/2008,20080603,127.23,126.84,1.9016
04/06/2008,20080604,126.51,124.5,1.9015
05/06/2008,20080605,122.97,129.29,1.802
06/06/2008,20080606,123.68,129.29,1.751
09/06/2008,20080609,132.58,135.14,1.8042
10/06/2008,20080610,135.04,133.37,2.0036
11/06/2008,20080611,134.31,138.39,1.8939
12/06/2008,20080612,133.62,138.39,1.8939
13/06/2008,20080613,133.43,138.39,1.8631
16/06/2008,20080616,134.32,138.04,1.901
17/06/2008,20080617,135.92,137.26,1.8353
18/06/2008,20080618,133.41,138.97,1.7001
19/06/2008,20080619,134.01,134.73,1.5879
20/06/2008,20080620,134.6,134.73,1.486
23/06/2008,20080623,134.5,138.11,1.5011
24/06/2008,20080624,135.92,138.71,1.5932
25/06/2008,20080625,136.59,136.91,1.4759
26/06/2008,20080626,135.26,141.78,1.4759
27/06/2008,20080627,136.85,141.78,1.3815
30/06/2008,20080630,140.91,143.17,1.5342
01/07/2008,20080701,141.71,144.1,1.8889
02/07/2008,20080702,142.13,146.93,1.8735
03/07/2008,20080703,142.29,148.54,1.8632
04/07/2008,20080704,145.65,148.54,1.8607
07/07/2008,20080707,145.03,145.46,1.8119
08/07/2008,20080708,142.49,140.67,1.8119
09/07/2008,20080709,138.31,140.7,1.8021
10/07/2008,20080710,137.54,145.95,1.8021
11/07/2008,20080711,138.45,145.95,1.3332
14/07/2008,20080714,145.49,148.51,1.384
15/07/2008,20080715,143.58,143,1.384
16/07/2008,20080716,142.09,139.85,1.8092
17/07/2008,20080717,136.18,135.15,1.3296
18/07/2008,20080718,134.52,135.15,1.2889
21/07/2008,20080721,131.87,136.58,1.309
22/07/2008,20080722,131.74,133.99,1.4897
23/07/2008,20080723,130.92,130.16,1.4897
24/07/2008,20080724,127.1,130.76,1.5659
25/07/2008,20080725,125.62,130.76,1.7258
28/07/2008,20080728,125.74,129.73,1.6748
29/07/2008,20080729,125.78,127.03,1.7261
30/07/2008,20080730,124.16,130.92,1.6548
31/07/2008,20080731,123.43,128.16,1.5226
01/08/2008,20080801,125.39,128.16,1.5098
04/08/2008,20080804,123.44,125.48,1.5935
05/08/2008,20080805,123.1,122.58,1.5935
06/08/2008,20080806,117.95,121.23,1.7159
07/08/2008,20080807,117.22,121.56,1.5328
08/08/2008,20080808,118.15,121.56,1.6089
11/08/2008,20080811,114.89,117.93,1.7561
12/08/2008,20080812,113.35,116.17,1.7561
13/08/2008,20080813,111.4,118.24,1.7971
14/08/2008,20080814,111.99,117.34,1.7462
15/08/2008,20080815,112.71,117.34,1.7207
18/08/2008,20080818,111.88,116.11,1.7256
19/08/2008,20080819,112.32,117.52,1.8176
20/08/2008,20080820,111.62,118.94,1.7463
21/08/2008,20080821,113.38,124.73,1.7361
22/08/2008,20080822,117.76,124.73,1.6902
25/08/2008,20080825,117.42,118.87,1.6443
26/08/2008,20080826,114.12,119.38,1.6879
27/08/2008,20080827,113.68,120.79,1.5837
28/08/2008,20080828,115.74,118.49,1.6039
29/08/2008,20080829,116.23,118.49,1.6089
01/09/2008,20080901,115.02,118.39,1.6115
02/09/2008,20080902,111.5,113.82,1.629
03/09/2008,20080903,106.95,113.01,1.6385
04/09/2008,20080904,106.88,111.47,1.5429
05/09/2008,20080905,107.18,111.47,1.5784
08/09/2008,20080908,104.74,109.04,1.596
09/09/2008,20080909,104.26,106.03,1.571
10/09/2008,20080910,101.3,104.8,1.5735
11/09/2008,20080911,99.87,103.17,1.5429
12/09/2008,20080912,98.24,103.17,1.3574
15/09/2008,20080915,98.11,98.48,0.2484
16/09/2008,20080916,92.15,92.93,0.2611
17/09/2008,20080917,89.99,98.23,0.2535
18/09/2008,20080918,91.87,98.84,0.2637
19/09/2008,20080919,95.09,98.84,0.5629
22/09/2008,20080922,97.7,109,0.568
23/09/2008,20080923,103.21,105.49,0.9944
24/09/2008,20080924,103.66,105.13,0.1166
25/09/2008,20080925,104.16,107.58,0.1115
26/09/2008,20080926,101.82,107.58,0.1115
29/09/2008,20080929,102.24,98.17,0.0608
30/09/2008,20080930,97.83,102.48,0.7736
01/10/2008,20081001,96.22,99.78,0.6086
02/10/2008,20081002,96.31,94.72,0.6898
03/10/2008,20081003,92.38,94.72,0.1242
06/10/2008,20081006,90.39,88.38,0.0837
07/10/2008,20081007,85.94,89.26,0.2231
08/10/2008,20081008,84.98,89.25,0.1622
09/10/2008,20081009,82.83,87.71,0.1115
10/10/2008,20081010,83.46,87.71,0.1115
13/10/2008,20081013,76.12,83.49,0.0558
14/10/2008,20081014,76.9,80.73,0.1141
15/10/2008,20081015,77.67,77.01,0.1521
16/10/2008,20081016,71.53,72.16,0.071
17/10/2008,20081017,66.28,72.16,0.071
20/10/2008,20081020,68.26,75.86,0.071
21/10/2008,20081021,70.72,73.52,0.6612
22/10/2008,20081022,69.9,68.18,0.5528
23/10/2008,20081023,65.99,69.28,0.3397
24/10/2008,20081024,65.75,69.28,0.2459
27/10/2008,20081027,61.8,65.65,0.2637
28/10/2008,20081028,60.67,64.84,0.3981
29/10/2008,20081029,61.18,69.62,0.2763
30/10/2008,20081030,64.29,68.14,0.1166
31/10/2008,20081031,63.95,68.14,0.1166
03/11/2008,20081103,62.25,65.66,0.1521
04/11/2008,20081104,62.64,72.06,0.289
05/11/2008,20081105,62.6,67.08,0.1141
06/11/2008,20081106,63.25,62.9,0.1191
07/11/2008,20081107,59.1,62.9,0.1039
10/11/2008,20081110,58.01,64.51,0.1039
11/11/2008,20081111,59.41,61.21,0.0938
12/11/2008,20081112,56.16,58.14,0.0532
13/11/2008,20081113,53.89,60.1,0.076
14/11/2008,20081114,51.99,60.1,0.0558
17/11/2008,20081117,54.58,55.91,0.0558
18/11/2008,20081118,53.11,55.31,0.0913
19/11/2008,20081119,51.83,54.99,0.0608
20/11/2008,20081120,51.4,51.24,0.0456
21/11/2008,20081121,49.19,51.24,0.0712
24/11/2008,20081124,48.87,57.14,0.0431
25/11/2008,20081125,51.24,54.02,0.0279
26/11/2008,20081126,51.5,57.73,0.0279
27/11/2008,20081127,52.23,57.73,0.0203
28/11/2008,20081128,53.09,57.73,0.0203
01/12/2008,20081201,52.49,51.92,0.0279
02/12/2008,20081202,49.65,49.58,0.0304
03/12/2008,20081203,47.22,49.86,0.0152
04/12/2008,20081204,42.45,46.8,0.0203
05/12/2008,20081205,43.84,46.8,0.0203
08/12/2008,20081208,40.93,48.09,0.0127
09/12/2008,20081209,41.99,46.44,0.0304
10/12/2008,20081210,42.15,47.32,0.0152
11/12/2008,20081211,42.24,52.19,0.0152
12/12/2008,20081212,44.93,52.19,0.0304
15/12/2008,20081215,44.44,49.43,0.0101
16/12/2008,20081216,47.31,48.89,0.0203
17/12/2008,20081217,43.86,47.8,0.0177
18/12/2008,20081218,46.26,45.82,0.0279
19/12/2008,20081219,44.9,45.82,0.0532
22/12/2008,20081222,43.42,43.93,0.0101
23/12/2008,20081223,42.78,42.82,0.0127
24/12/2008,20081224,40.6,39.17,0.0127
25/12/2008,20081225,34.27,39.17,0.0203
26/12/2008,20081226,37.88,39.17,0.0127
29/12/2008,20081229,37.88,43.2,0.038
30/12/2008,20081230,40.05,42.92,0.038
31/12/2008,20081231,39.53,48.82,0.0253
01/01/2009,20090101,34.65,48.82,0.0253
02/01/2009,20090102,40.15,48.82,0.0101
05/01/2009,20090105,44.27,52.4,0.0406
06/01/2009,20090106,47.59,53.27,0.0558
07/01/2009,20090107,50.77,48.67,0.033
08/01/2009,20090108,48.96,47.55,0.0279
09/01/2009,20090109,45.47,47.55,0.0279
12/01/2009,20090112,44.16,45.52,0.0304
13/01/2009,20090113,42.71,47.44,0.0355
14/01/2009,20090114,43.83,47.62,0.0304
15/01/2009,20090115,45.14,47.68,0.033
16/01/2009,20090116,44.59,47.68,0.033
19/01/2009,20090119,47.58,46.57,0.0355
20/01/2009,20090120,44.85,43.62,0.0355
21/01/2009,20090121,44.17,45.02,0.0279
22/01/2009,20090122,44,45.39,0.0279
23/01/2009,20090123,44.97,45.39,0.0203
26/01/2009,20090126,45.25,46.96,0.0203
27/01/2009,20090127,48,43.73,0.038
28/01/2009,20090128,45.27,44.9,0.076
29/01/2009,20090129,44.48,45.4,0.1217
30/01/2009,20090130,44.8,45.4,0.1242
02/02/2009,20090202,45.99,43.82,0.1775
03/02/2009,20090203,44.47,44.08,0.2763
04/02/2009,20090204,44.27,44.15,0.2637
05/02/2009,20090205,44.5,46.46,0.2104
06/02/2009,20090206,45.04,46.46,0.213
09/02/2009,20090209,45.5,46.02,0.2206
10/02/2009,20090210,46.94,44.61,0.2383
11/02/2009,20090211,46.67,44.28,0.2282
12/02/2009,20090212,44.09,44.28,0.251
13/02/2009,20090213,44.52,44.28,0.251
16/02/2009,20090216,45.54,44.81,0.2358
17/02/2009,20090217,44.37,41.03,0.2535
18/02/2009,20090218,42.34,39.55,0.2332
19/02/2009,20090219,40.71,41.99,0.2206
20/02/2009,20090220,41.12,41.99,0.1775
23/02/2009,20090223,41,40.99,0.1851
24/02/2009,20090224,42.27,42.5,0.213
25/02/2009,20090225,41.55,44.29,0.1977
26/02/2009,20090226,43.03,46.51,0.1724
27/02/2009,20090227,45.57,46.51,0.1496
02/03/2009,20090302,45.67,42.21,0.1394
03/03/2009,20090303,43.81,43.7,0.1293
04/03/2009,20090304,43.46,46.12,0.1217
05/03/2009,20090305,45.57,43.64,0.1014
06/03/2009,20090306,44.82,43.64,0.109
09/03/2009,20090309,44.39,44.13,0.1191
10/03/2009,20090310,44.56,43.96,0.1318
11/03/2009,20090311,44.99,41.4,0.1293
12/03/2009,20090312,43.26,45.09,0.0963
13/03/2009,20090313,42.95,45.09,0.0913
16/03/2009,20090316,45.37,46.46,0.0786
17/03/2009,20090317,43.78,48.24,0.1445
18/03/2009,20090318,47.09,47.66,0.1166
19/03/2009,20090319,47.59,50.67,0.1166
20/03/2009,20090320,50.1,50.67,0.0735
23/03/2009,20090323,50.64,53.47,0.076
24/03/2009,20090324,52.56,53.5,0.076
25/03/2009,20090325,52.86,51.75,0.0406
26/03/2009,20090326,52.11,53.46,0.0101
27/03/2009,20090327,52.96,51.98,0.0051
30/03/2009,20090330,52.03,47.99,0.0152
31/03/2009,20090331,49.84,49.23,0.1673
01/04/2009,20090401,48.84,48.44,0.1851
02/04/2009,20090402,48.05,52.75,0.1724
03/04/2009,20090403,51.9,53.47,0.1648
06/04/2009,20090406,52.73,53.43,0.1597
07/04/2009,20090407,52.89,52.4,0.1546
08/04/2009,20090408,51.56,52.69,0.142
09/04/2009,20090409,51.23,54.94,0.142
10/04/2009,20090410,52.26,54.94,0.1191
13/04/2009,20090413,53.31,53.03,0.1293
14/04/2009,20090414,52.22,52.93,0.0938
15/04/2009,20090415,52.69,52.44,0.0456
16/04/2009,20090416,51.72,53.06,0.0456
17/04/2009,20090417,53.12,53.35,0.0431
20/04/2009,20090420,53.26,49.86,0.033
21/04/2009,20090421,50.87,49.82,0.0507
22/04/2009,20090422,49.8,49.81,0.076
23/04/2009,20090423,49.81,50.11,0.0735
24/04/2009,20090424,50.01,51.67,0.076
27/04/2009,20090427,51.16,50.32,0.076
28/04/2009,20090428,49.51,49.99,0.076
29/04/2009,20090429,49.33,50.78,0.0304
30/04/2009,20090430,50.73,50.8,0.0482
01/05/2009,20090501,50.91,52.85,0.0482
04/05/2009,20090504,51.35,54.58,0.1293
05/05/2009,20090505,53.45,54.12,0.1394
06/05/2009,20090506,54.25,56.15,0.147
07/05/2009,20090507,55.08,56.47,0.1521
08/05/2009,20090508,57.18,58.14,0.1394
11/05/2009,20090511,57.5,57.48,0.1496
12/05/2009,20090512,56.94,57.94,0.1496
13/05/2009,20090513,57.97,57.34,0.1394
14/05/2009,20090514,57.93,62.57,0.109
15/05/2009,20090515,56.69,59.91,0.1115
18/05/2009,20090518,57.36,62.29,0.1014
19/05/2009,20090519,57.59,62.73,0.1242
20/05/2009,20090520,58.77,63.83,0.1318
21/05/2009,20090521,59.81,63.41,0.1344
22/05/2009,20090522,59.35,64.23,0.1344
25/05/2009,20090525,60.35,64.23,0.1344
26/05/2009,20090526,60.11,64.57,0.1217
27/05/2009,20090527,59.77,65.73,0.1369
28/05/2009,20090528,62,67.75,0.1394
29/05/2009,20090529,63.32,68.61,0.142
01/06/2009,20090601,65.49,70.91,0.1318
02/06/2009,20090602,67.34,71.5,0.0558
03/06/2009,20090603,67.8,69.76,0.0583
04/06/2009,20090604,67.17,72.38,0.0735
05/06/2009,20090605,67.87,72,0.0786
08/06/2009,20090608,68.52,71.68,0.0811
09/06/2009,20090609,67.87,73.13,0.076
10/06/2009,20090610,69.16,74.14,0.0862
11/06/2009,20090611,70.63,75.33,0.0989
12/06/2009,20090612,71.54,74.63,0.071
15/06/2009,20090615,70.84,73.21,0.0786
16/06/2009,20090616,69.42,73.11,0.0963
17/06/2009,20090617,71.31,73.84,0.1039
18/06/2009,20090618,70.09,73.79,0.1191
19/06/2009,20090619,70.76,72.07,0.1065
22/06/2009,20090622,70.98,69.79,0.1141
23/06/2009,20090623,67.49,71.35,0.147
24/06/2009,20090624,67.3,70.98,0.0913
25/06/2009,20090625,68.49,72.41,0.0507
26/06/2009,20090626,69.26,71.5,0.0659
29/06/2009,20090629,69.6,73.53,0.1065
30/06/2009,20090630,69.99,71.96,0.1622
01/07/2009,20090701,70.11,71.43,0.1496
02/07/2009,20090702,70.02,69.41,0.1496
03/07/2009,20090703,67.07,69.41,0.1394
06/07/2009,20090706,66.12,66.72,0.1546
07/07/2009,20090707,63.9,65.84,0.1673
08/07/2009,20090708,63.82,63.2,0.1597
09/07/2009,20090709,61.88,63.64,0.1572
10/07/2009,20090710,61.05,62.87,0.1546
13/07/2009,20090713,60.14,62.65,0.1496
14/07/2009,20090714,60.26,62.76,0.1597
15/07/2009,20090715,61.37,65.44,0.1622
16/07/2009,20090716,62.31,66.08,0.147
17/07/2009,20090717,62.8,67.61,0.147
20/07/2009,20090720,64.17,68.77,0.1546
21/07/2009,20090721,66.17,69.1,0.1572
22/07/2009,20090722,66.85,69.64,0.1369
23/07/2009,20090723,66.34,71.63,0.1546
24/07/2009,20090724,67.77,72.54,0.147
27/07/2009,20090727,69.57,72.69,0.1394
28/07/2009,20090728,70.76,71.79,0.1445
29/07/2009,20090729,70.14,68.51,0.142
30/07/2009,20090730,67.86,71.94,0.1394
31/07/2009,20090731,68.57,73.67,0.142
03/08/2009,20090803,70,75.39,0.1394
04/08/2009,20090804,73.16,76.06,0.147
05/08/2009,20090805,73.37,77.27,0.1496
06/08/2009,20090806,74.53,76.85,0.1445
07/08/2009,20090807,75.07,75.67,0.1369
10/08/2009,20090810,74.3,75.73,0.147
11/08/2009,20090811,73.7,74.56,0.1445
12/08/2009,20090812,73,74.95,0.142
13/08/2009,20090813,72.45,75.39,0.0913
14/08/2009,20090814,73.85,72.87,0.0989
17/08/2009,20090817,72.22,72.07,0.1115
18/08/2009,20090818,69.82,73.78,0.1344
19/08/2009,20090819,72.89,76,0.109
20/08/2009,20090820,72.57,74.67,0.1141
21/08/2009,20090821,73.77,75.52,0.1115
24/08/2009,20090824,74.01,75.74,0.1014
25/08/2009,20090825,74.3,73.34,0.1267
26/08/2009,20090826,73.2,73.07,0.109
27/08/2009,20090827,70.68,73.87,0.1166
28/08/2009,20090828,71.42,74.16,0.1217
31/08/2009,20090831,73.1,71.15,0.1191
01/09/2009,20090901,70.33,69.24,0.0963
02/09/2009,20090902,69.22,69.1,0.0938
03/09/2009,20090903,67.88,68.6,0.0989
04/09/2009,20090904,67.8,68.27,0.0989
07/09/2009,20090907,66.87,68.27,0.0963
08/09/2009,20090908,67.37,70.9,0.0989
09/09/2009,20090909,68.9,71.35,0.1115
10/09/2009,20090910,69.91,71.44,0.0837
11/09/2009,20090911,69.84,69.29,0.1115
14/09/2009,20090914,69.38,69.16,0.0735
15/09/2009,20090915,67.3,70.63,0.0532
16/09/2009,20090916,67.4,72.37,0.0228
17/09/2009,20090917,70.06,72.28,0.0228
18/09/2009,20090918,71.47,72,0.0228
21/09/2009,20090921,71.05,69.42,0.0456
22/09/2009,20090922,69.08,71.22,0.0558
23/09/2009,20090923,69.97,68.72,0.0583
24/09/2009,20090924,69.28,65.6,0.0279
25/09/2009,20090925,66.42,65.83,0.0279
28/09/2009,20090928,65.1,66.29,0.0279
29/09/2009,20090929,65.23,66.25,0.0253
30/09/2009,20090930,65.27,69.8,0.0558
01/10/2009,20091001,66.89,69.97,0.0304
02/10/2009,20091002,66.54,68.86,0.0228
05/10/2009,20091005,67.77,68.83,0.0355
06/10/2009,20091006,66.64,69.36,0.0228
07/10/2009,20091007,68.9,68.04,0.0304
08/10/2009,20091008,68.35,70.54,0.0304
09/10/2009,20091009,68.29,70.71,0.038
12/10/2009,20091012,69.69,72.04,0.038
13/10/2009,20091013,71.19,72.99,0.0431
14/10/2009,20091014,72,73.87,0.0583
15/10/2009,20091015,72.95,76.23,0.0608
16/10/2009,20091016,74.45,76.99,0.0659
19/10/2009,20091019,76.03,77.77,0.0558
20/10/2009,20091020,76.91,77.24,0.0456
21/10/2009,20091021,77.36,79.69,0.0507
22/10/2009,20091022,77.54,79.51,0.0507
23/10/2009,20091023,79.04,78.92,0.0177
26/10/2009,20091026,79.24,77.26,0.0279
27/10/2009,20091027,78.3,77.92,0.033
28/10/2009,20091028,77.59,75.86,0.0406
29/10/2009,20091029,76.59,78.04,0.0127
30/10/2009,20091030,77.11,75.2,0.0076
02/11/2009,20091102,76.49,76.55,0.0228
03/11/2009,20091103,76.2,78.11,0.033
04/11/2009,20091104,76.32,78.89,0.0456
05/11/2009,20091105,78.77,77.99,0.0456
06/11/2009,20091106,78.39,75.87,0.0507
09/11/2009,20091109,76.89,77.77,0.0532
10/11/2009,20091110,77.38,77.5,0.0532
11/11/2009,20091111,77.68,77.95,0.0558
12/11/2009,20091112,78,76.02,0.0558
13/11/2009,20091113,76.78,79.64,0.0456
16/11/2009,20091116,75.57,82.11,0.0456
17/11/2009,20091117,77.68,82.47,0.0431
18/11/2009,20091118,78.41,83.02,0.0507
19/11/2009,20091119,79.72,81.3,0.0253
20/11/2009,20091120,78.45,80.88,0.033
23/11/2009,20091123,76.97,81.07,0.0431
24/11/2009,20091124,78.42,80.17,0.0482
25/11/2009,20091125,77.09,82.11,0.0583
26/11/2009,20091126,77.33,82.11,0.0583
27/11/2009,20091127,77.51,80.89,0.0558
30/11/2009,20091130,75.94,82.23,0.0684
01/12/2009,20091201,77.36,83.11,0.076
02/12/2009,20091202,79.38,81.73,0.0558
03/12/2009,20091203,78.5,82.34,0.0913
04/12/2009,20091204,78.41,81.62,0.0837
07/12/2009,20091207,78.21,80.62,0.0786
08/12/2009,20091208,76.76,79.24,0.0811
09/12/2009,20091209,75.77,76.47,0.0076
10/12/2009,20091210,74.76,75.96,0.0025
11/12/2009,20091211,72.26,75.87,0.0076
14/12/2009,20091214,71.7,75.87,0.0127
15/12/2009,20091215,71.83,75.91,0.0076
16/12/2009,20091216,71.86,77.21,0.0101
17/12/2009,20091217,73.56,76.27,0.0025
18/12/2009,20091218,73.36,76.65,0.0076
21/12/2009,20091221,73.78,75.84,0.0101
22/12/2009,20091222,73.92,76.22,0.0127
23/12/2009,20091223,72.78,78.11,0.0177
24/12/2009,20091224,74.25,78.98,0.0101
25/12/2009,20091225,74.01,78.98,0.0101
28/12/2009,20091228,75.53,79.99,0.0076
29/12/2009,20091229,76.97,80.29,0.0127
30/12/2009,20091230,77.33,80.67,0.0101
31/12/2009,20091231,77.85,80.59,0.038
01/01/2010,20100101,77.48,80.59,0.038
04/01/2010,20100104,78.24,82.61,0.0532
05/01/2010,20100105,79.65,83.09,0.0355
06/01/2010,20100106,80.3,84.37,0.0177
07/01/2010,20100107,80.77,83.79,0.0127
08/01/2010,20100108,81.31,83.89,0.0152
11/01/2010,20100111,80.95,83.54,0.0101
12/01/2010,20100112,81.33,81.76,0.0025
13/01/2010,20100113,79.85,80.72,0.0076
14/01/2010,20100114,78.26,80.55,0.0127
15/01/2010,20100115,77.78,79.26,0.0177
18/01/2010,20100118,76.43,79.26,0.0253
19/01/2010,20100119,77.2,79.67,0.0253
20/01/2010,20100120,76.4,78.4,0.0203
21/01/2010,20100121,76.23,76.62,0.0127
22/01/2010,20100122,75.64,74.91,0.0127
25/01/2010,20100125,73.85,75.68,0.0127
26/01/2010,20100126,73.1,75.23,0.0177
27/01/2010,20100127,72.94,74.22,0.0101
28/01/2010,20100128,72.97,74.16,0.0127
29/01/2010,20100129,72.28,73.44,0.0101
01/02/2010,20100201,72.07,75.06,0.0482
02/02/2010,20100202,72.09,77.93,0.0431
03/02/2010,20100203,74.23,77.67,0.0355
04/02/2010,20100204,76.22,73.7,0.033
05/02/2010,20100205,73.86,71.33,0.0203
08/02/2010,20100208,71.02,71.95,0.0304
09/02/2010,20100209,69.92,73.93,0.0228
10/02/2010,20100210,70.93,74.28,0.0507
11/02/2010,20100211,71.9,75.3,0.0431
12/02/2010,20100212,73.05,73.97,0.0355
15/02/2010,20100215,72.72,73.97,0.0406
16/02/2010,20100216,72.81,76.72,0.0406
17/02/2010,20100217,74.76,77.18,0.0406
18/02/2010,20100218,75.98,78.66,0.0608
19/02/2010,20100219,76.78,79.17,0.0583
22/02/2010,20100222,77.52,79.64,0.0532
23/02/2010,20100223,78.47,78.15,0.0608
24/02/2010,20100224,77.63,78.99,0.076
25/02/2010,20100225,77.54,77.21,0.0837
26/02/2010,20100226,76.77,78.49,0.0811
01/03/2010,20100301,77.04,77.7,0.0811
02/03/2010,20100302,77.84,78.88,0.0837
03/03/2010,20100303,77.76,79.95,0.0913
04/03/2010,20100304,78.93,79.37,0.0913
05/03/2010,20100305,78.86,80.61,0.0938
08/03/2010,20100308,79.57,81.11,0.0963
09/03/2010,20100309,80.42,80.57,0.0963
10/03/2010,20100310,79.53,81.19,0.1141
11/03/2010,20100311,80.35,81.19,0.109
12/03/2010,20100312,80.28,80.37,0.0963
15/03/2010,20100315,80.37,79.04,0.109
16/03/2010,20100316,78.22,80.87,0.1065
17/03/2010,20100317,79.12,82.22,0.1318
18/03/2010,20100318,81.56,81.81,0.1344
19/03/2010,20100319,81.47,80.26,0.1318
22/03/2010,20100322,80.31,80.89,0.1267
23/03/2010,20100323,79.52,81.1,0.1014
24/03/2010,20100324,80.75,80.07,0.1217
25/03/2010,20100325,79.51,80.1,0.109
26/03/2010,20100326,79.96,79.73,0.1115
29/03/2010,20100329,79.8,81.57,0.109
30/03/2010,20100330,80.69,81.78,0.1166
31/03/2010,20100331,81.26,83.25,0.1445
01/04/2010,20100401,82.09,84.55,0.1521
02/04/2010,20100402,82.15,84.55,0.1496
05/04/2010,20100405,83.75,86.42,0.1546
06/04/2010,20100406,85.09,86.7,0.1572
07/04/2010,20100407,86,86.2,0.1622
08/04/2010,20100408,85.87,85.54,0.1546
09/04/2010,20100409,84.79,85.64,0.1521
12/04/2010,20100412,85.27,85.71,0.1496
13/04/2010,20100413,85.09,85.63,0.1521
14/04/2010,20100414,84.51,86.9,0.1521
15/04/2010,20100415,85.63,87.59,0.1521
16/04/2010,20100416,87.16,85.99,0.1546
19/04/2010,20100419,86.57,84.23,0.1394
20/04/2010,20100420,84.02,84.8,0.147
21/04/2010,20100421,85.15,85.7,0.1394
22/04/2010,20100422,85.58,85.67,0.1445
23/04/2010,20100423,85.4,87.25,0.1394
26/04/2010,20100426,86.5,86.83,0.1394
27/04/2010,20100427,87.25,85.78,0.1318
28/04/2010,20100428,86.26,86.16,0.1394
29/04/2010,20100429,85.65,86.9,0.142
30/04/2010,20100430,87.25,87.44,0.1344
03/05/2010,20100503,87.47,88.94,0.1394
04/05/2010,20100504,88.49,85.67,0.1344
05/05/2010,20100505,87.14,82.61,0.1369
06/05/2010,20100506,83.79,79.83,0.0608
07/05/2010,20100507,81.62,78.27,0.0735
10/05/2010,20100510,79.28,78.27,0.1242
11/05/2010,20100511,80.75,80.49,0.1318
12/05/2010,20100512,79.93,81.2,0.1496
13/05/2010,20100513,80.96,80.11,0.1521
14/05/2010,20100514,80.77,81.61,0.147
17/05/2010,20100517,77.01,78.66,0.1521
18/05/2010,20100518,76.87,77.75,0.1648
19/05/2010,20100519,75.94,76.72,0.1698
20/05/2010,20100520,73.66,74.81,0.1673
21/05/2010,20100521,72.05,74.91,0.1622
24/05/2010,20100524,71.53,74.47,0.1546
25/05/2010,20100525,71.46,73,0.1546
26/05/2010,20100526,69.07,74.95,0.1572
27/05/2010,20100527,71.33,78.01,0.1521
28/05/2010,20100528,73.23,77.56,0.1521
31/05/2010,20100531,74.79,77.56,0.1521
01/06/2010,20100601,74.69,76.47,0.142
02/06/2010,20100602,73.06,77.48,0.1293
03/06/2010,20100603,73.27,78.86,0.1217
04/06/2010,20100604,74.7,75.58,0.1191
07/06/2010,20100607,74.26,75.72,0.0963
08/06/2010,20100608,72.22,75.55,0.0989
09/06/2010,20100609,72.03,77.17,0.0862
10/06/2010,20100610,73.65,78.39,0.0583
11/06/2010,20100611,74.97,77.53,0.033
14/06/2010,20100614,74.77,77.92,0.0203
15/06/2010,20100615,76.52,79.21,0.0279
16/06/2010,20100616,76.24,80.23,0.0558
17/06/2010,20100617,77.38,80.54,0.0482
18/06/2010,20100618,78.79,80.19,0.0431
21/06/2010,20100621,78.03,80.61,0.038
22/06/2010,20100622,79.47,79.85,0.0431
23/06/2010,20100623,78.34,78.09,0.0684
24/06/2010,20100624,77.13,78.09,0.0659
25/06/2010,20100625,76.17,79.94,0.0355
28/06/2010,20100628,76.92,79.57,0.0507
29/06/2010,20100629,77.67,77.27,0.0583
30/06/2010,20100630,75.7,76.65,0.1648
01/07/2010,20100701,75.52,74.05,0.1648
02/07/2010,20100702,73.25,73.25,0.1622
05/07/2010,20100705,70.84,73.25,0.1622
06/07/2010,20100706,71.69,73.46,0.1622
07/07/2010,20100707,72.33,75.52,0.1648
08/07/2010,20100708,72.47,76.87,0.1597
09/07/2010,20100709,74.4,77.23,0.1597
12/07/2010,20100712,75.13,75.91,0.1521
13/07/2010,20100713,74.62,78.09,0.147
14/07/2010,20100714,75.9,78,0.1546
15/07/2010,20100715,76.53,77.55,0.1496
16/07/2010,20100716,76.09,76.94,0.142
19/07/2010,20100719,75.72,77.27,0.1445
20/07/2010,20100720,75.72,77.72,0.1445
21/07/2010,20100721,75.72,77.03,0.1546
22/07/2010,20100722,76.33,79.46,0.1496
23/07/2010,20100723,76.59,79.1,0.147
26/07/2010,20100726,77.32,79.17,0.1496
27/07/2010,20100727,77.24,77.82,0.1445
28/07/2010,20100728,76.95,77.77,0.1521
29/07/2010,20100729,75.93,79.03,0.1445
30/07/2010,20100730,76.76,79.66,0.1445
02/08/2010,20100802,77.16,82.14,0.1369
03/08/2010,20100803,80.02,83.74,0.1394
04/08/2010,20100804,81.86,83.54,0.1496
05/08/2010,20100805,82.31,83.08,0.142
06/08/2010,20100806,81.61,81.84,0.1369
09/08/2010,20100809,80.78,82.64,0.1344
10/08/2010,20100810,80.95,81.36,0.1344
11/08/2010,20100811,78.69,79.36,0.142
12/08/2010,20100812,78.21,77.04,0.142
13/08/2010,20100813,76.26,76.66,0.1369
16/08/2010,20100816,75.47,76.74,0.147
17/08/2010,20100817,77.55,78.04,0.1394
18/08/2010,20100818,76.89,77.59,0.1597
19/08/2010,20100819,76.1,76.3,0.1521
20/08/2010,20100820,76.09,75.34,0.142
23/08/2010,20100823,74.53,74.71,0.147
24/08/2010,20100824,74.11,73.52,0.1521
25/08/2010,20100825,72.68,74.52,0.1673
26/08/2010,20100826,72.64,75.99,0.1648
27/08/2010,20100827,74.68,77.6,0.1648
30/08/2010,20100830,75.59,77.62,0.1496
31/08/2010,20100831,76.26,75.58,0.1572
01/09/2010,20100901,75.64,77.32,0.1546
02/09/2010,20100902,75.78,77.76,0.1496
03/09/2010,20100903,75.86,77.53,0.142
06/09/2010,20100906,76.41,77.53,0.1344
07/09/2010,20100907,76.77,78.39,0.1293
08/09/2010,20100908,76.4,78.7,0.1267
09/09/2010,20100909,77.54,78.03,0.0913
10/09/2010,20100910,77.99,78.75,0.0913
13/09/2010,20100913,77.64,79.45,0.0938
14/09/2010,20100914,78.72,79.64,0.0913
15/09/2010,20100915,78.91,79.75,0.1014
16/09/2010,20100916,78.98,78.8,0.1141
17/09/2010,20100917,79.06,78.51,0.109
20/09/2010,20100920,78.58,79.64,0.109
21/09/2010,20100921,78.69,78.76,0.1141
22/09/2010,20100922,78.02,78.29,0.1141
23/09/2010,20100923,78.17,78.43,0.1267
24/09/2010,20100924,77.47,79.12,0.0887
27/09/2010,20100927,78.49,78.73,0.0659
28/09/2010,20100928,78.62,78.91,0.0583
29/09/2010,20100929,78.56,81.02,0.1191
30/09/2010,20100930,79.26,82.59,0.1369
01/10/2010,20101001,81.57,84.02,0.142
04/10/2010,20101004,83.17,83.52,0.147
05/10/2010,20101005,83.53,85.03,0.1369
06/10/2010,20101006,83.95,85.29,0.1344
07/10/2010,20101007,84.96,83.71,0.1394
08/10/2010,20101008,85.52,84.37,0.1394
11/10/2010,20101011,84.26,84.17,0.1369
12/10/2010,20101012,83.89,83.88,0.1394
13/10/2010,20101013,83.34,84.85,0.1344
14/10/2010,20101014,84.52,84.2,0.1445
15/10/2010,20101015,84.53,82.45,0.1344
18/10/2010,20101018,83.61,84.37,0.1344
19/10/2010,20101019,83.11,81.1,0.142
20/10/2010,20101020,82.65,83.6,0.1394
21/10/2010,20101021,82.46,81.83,0.1293
22/10/2010,20101022,83.06,82.96,0.1344
25/10/2010,20101025,82.63,83.54,0.1242
26/10/2010,20101026,83.66,83.66,0.1267
27/10/2010,20101027,83.43,83.23,0.1369
28/10/2010,20101028,82.76,83.59,0.1293
29/10/2010,20101029,83.58,83.15,0.1267
01/11/2010,20101101,83.13,84.62,0.1318
02/11/2010,20101102,84.35,85.41,0.1369
03/11/2010,20101103,85.31,86.38,0.1217
04/11/2010,20101104,86.25,88,0.1166
05/11/2010,20101105,87.77,88.11,0.1191
08/11/2010,20101108,87.96,88.46,0.1166
09/11/2010,20101109,87.87,88.33,0.1014
10/11/2010,20101110,88.58,88.96,0.1141
11/11/2010,20101111,88.55,88.81,0.1115
12/11/2010,20101112,89,86.34,0.109
15/11/2010,20101115,87.09,86.76,0.1166
16/11/2010,20101116,86.79,84.73,0.109
17/11/2010,20101117,85.53,83.28,0.1267
18/11/2010,20101118,84.16,85.05,0.1267
19/11/2010,20101119,84.77,84.34,0.1217
22/11/2010,20101122,84.85,83.96,0.1115
23/11/2010,20101123,84.35,83.25,0.1242
24/11/2010,20101124,83.22,85.84,0.1572
25/11/2010,20101125,84.44,85.84,0.147
26/11/2010,20101126,86.09,85.58,0.1546
29/11/2010,20101129,85.28,87.34,0.1521
30/11/2010,20101130,86.48,85.92,0.1572
01/12/2010,20101201,86.64,88.87,0.1673
02/12/2010,20101202,87.62,90.69,0.1597
03/12/2010,20101203,89.54,91.42,0.1394
06/12/2010,20101206,90.95,91.45,0.1344
07/12/2010,20101207,91.47,91.39,0.1166
08/12/2010,20101208,91.91,90.77,0.0811
09/12/2010,20101209,90.92,90.99,0.0862
10/12/2010,20101210,90.85,90.48,0.0786
13/12/2010,20101213,90.95,91.19,0.0811
14/12/2010,20101214,91.53,91.21,0.0786
15/12/2010,20101215,91.22,92.2,0.0837
16/12/2010,20101216,91.32,92.05,0.0811
17/12/2010,20101217,91.85,92.14,0.0431
20/12/2010,20101220,91.65,93.07,0.0203
21/12/2010,20101221,92.1,93.44,0.0279
22/12/2010,20101222,93.01,93.77,0.0659
23/12/2010,20101223,93.73,94.31,0.0608
24/12/2010,20101224,93.98,94.31,0.0608
27/12/2010,20101227,94.06,94.07,0.0406
28/12/2010,20101228,93.75,94.56,0.0177
29/12/2010,20101229,94.18,94.35,0.0456
30/12/2010,20101230,94.16,93.46,0.0456
31/12/2010,20101231,93.49,95.1,0.0583
03/01/2011,20110103,93.2,95.33,0.0913
04/01/2011,20110104,95.64,94.04,0.109
05/01/2011,20110105,94.68,95.87,0.1293
06/01/2011,20110106,93.9,94.81,0.1293
07/01/2011,20110107,95.31,93.58,0.1344
10/01/2011,20110110,94.01,95.73,0.1344
11/01/2011,20110111,94.94,97.18,0.1344
12/01/2011,20110112,96.75,97.56,0.1445
13/01/2011,20110113,98.08,97.45,0.142
14/01/2011,20110114,98.41,98.54,0.1394
17/01/2011,20110117,98.67,98.54,0.1369
18/01/2011,20110118,97.95,98.17,0.1445
19/01/2011,20110119,97.74,98.31,0.147
20/01/2011,20110120,98.42,97,0.1521
21/01/2011,20110121,97.15,97.82,0.147
24/01/2011,20110124,97.34,97.03,0.147
25/01/2011,20110125,97.52,95.74,0.1445
26/01/2011,20110126,95.42,98.38,0.1445
27/01/2011,20110127,96.99,97.99,0.1242
28/01/2011,20110128,98.02,100.05,0.1217
31/01/2011,20110131,98.25,101.53,0.1445
01/02/2011,20110201,99.64,102.35,0.147
02/02/2011,20110202,101.1,103.21,0.1546
03/02/2011,20110203,102.02,102.76,0.1344
04/02/2011,20110204,102.62,100.94,0.1293
07/02/2011,20110207,101.39,100.77,0.1242
08/02/2011,20110208,100.13,101.4,0.1293
09/02/2011,20110209,99.31,103,0.1115
10/02/2011,20110210,100.93,102.1,0.076
11/02/2011,20110211,101.69,101.56,0.0735
14/02/2011,20110214,101.22,103.63,0.0837
15/02/2011,20110215,102.55,102.11,0.0887
16/02/2011,20110216,102.99,104.17,0.0989
17/02/2011,20110217,102.92,103.1,0.0811
18/02/2011,20110218,103.64,103.11,0.076
21/02/2011,20110221,102.56,103.11,0.0735
22/02/2011,20110222,104.95,105.84,0.0938
23/02/2011,20110223,106.9,110.74,0.1065
24/02/2011,20110224,108.98,110.92,0.1166
25/02/2011,20110225,113.69,111.77,0.1191
28/02/2011,20110228,112.17,111.52,0.1217
01/03/2011,20110301,112.45,115.15,0.109
02/03/2011,20110302,113.64,115.97,0.1115
03/03/2011,20110303,116.16,114.8,0.1217
04/03/2011,20110304,115.21,115.75,0.0963
07/03/2011,20110307,115.8,115.19,0.0963
08/03/2011,20110308,117,113.35,0.0811
09/03/2011,20110309,114.01,115.84,0.0684
10/03/2011,20110310,114.85,115.2,0.033
11/03/2011,20110311,114.97,113.78,0.0355
14/03/2011,20110314,113.57,113.61,0.038
15/03/2011,20110315,112.97,108.49,0.0507
16/03/2011,20110316,109.7,110.44,0.0634
17/03/2011,20110317,110.66,114.65,0.0558
18/03/2011,20110318,113.79,113.77,0.0456
21/03/2011,20110321,114.84,114.91,0.0558
22/03/2011,20110322,115.48,115.64,0.0684
23/03/2011,20110323,115.18,115.47,0.0634
24/03/2011,20110324,115.89,115.6,0.038
25/03/2011,20110325,115.61,115.42,0.0304
28/03/2011,20110328,115.78,114.58,0.0253
29/03/2011,20110329,115.19,114.96,0.0456
30/03/2011,20110330,114.76,114.95,0.0456
31/03/2011,20110331,115.16,117.2,0.038
01/04/2011,20110401,116.89,118.41,0.0177
04/04/2011,20110404,118.03,120.66,0.0152
05/04/2011,20110405,120,121.89,0.0279
06/04/2011,20110406,121.61,121.93,0.033
07/04/2011,20110407,122.78,122.26,0.0152
08/04/2011,20110408,122.31,126.12,0.0177
11/04/2011,20110411,125.19,123.42,0.0152
12/04/2011,20110412,125.52,120.43,0.0203
13/04/2011,20110413,122.9,122.33,0.0203
14/04/2011,20110414,122.2,122,0.0253
15/04/2011,20110415,122.36,123.45,0.033
18/04/2011,20110418,122.78,121.61,0.0177
19/04/2011,20110419,122.08,121.33,0.0203
20/04/2011,20110420,120.57,123.85,0.033
21/04/2011,20110421,123.19,123.99,0.0253
22/04/2011,20110422,125.81,123.99,0.0253
25/04/2011,20110425,123.95,123.66,0.0253
26/04/2011,20110426,124.06,124.14,0.0203
27/04/2011,20110427,124.1,125.13,0.0279
28/04/2011,20110428,124.72,125.02,0.0203
29/04/2011,20110429,125.47,125.89,0.0203
02/05/2011,20110502,125.55,125.12,0.0127
03/05/2011,20110503,124.62,122.45,0.0076
04/05/2011,20110504,123.78,121.19,0.0127
05/05/2011,20110505,121.92,110.8,0.0127
06/05/2011,20110506,116.1,109.13,0.0101
09/05/2011,20110509,110.39,115.9,0.0177
10/05/2011,20110510,113.29,117.63,0.0152
11/05/2011,20110511,116.23,112.57,0.0101
12/05/2011,20110512,115.97,112.98,0.0076
13/05/2011,20110513,112.18,113.83,0.0076
16/05/2011,20110516,113.64,109.02,0.0127
17/05/2011,20110517,112.66,108.19,0.0076
18/05/2011,20110518,110.37,110.37,0.0228
19/05/2011,20110519,111.67,109.5,0.0253
20/05/2011,20110520,112.33,110.57,0.0279
23/05/2011,20110523,111.54,108.5,0.0177
24/05/2011,20110524,109.67,110.81,0.0228
25/05/2011,20110525,112.02,113.14,0.0355
26/05/2011,20110526,113.51,113.25,0.033
27/05/2011,20110527,114.74,113.4,0.0304
30/05/2011,20110530,115.09,113.4,0.0304
31/05/2011,20110531,114.76,115.03,0.0355
01/06/2011,20110601,116.63,112.91,0.0203
02/06/2011,20110602,116.09,113.74,0.0406
03/06/2011,20110603,114.49,114.07,0.0253
06/06/2011,20110606,114.92,114.07,0.0253
07/06/2011,20110607,114.92,114.88,0.0253
08/06/2011,20110608,115.52,116.05,0.0076
09/06/2011,20110609,117.31,117.5,0.0101
10/06/2011,20110610,118.52,116.92,0.0101
13/06/2011,20110613,119.08,116.93,0.0076
14/06/2011,20110614,119.25,118.09,0.0076
15/06/2011,20110615,119.95,111.95,0.0203
16/06/2011,20110616,117.2,112.96,0.0025
17/06/2011,20110617,114.1,112.29,0.0152
20/06/2011,20110620,113.22,110.93,0.0101
21/06/2011,20110621,112,109.93,0.0076
22/06/2011,20110622,111.94,113.06,0.0076
23/06/2011,20110623,112.36,107.37,0.0127
24/06/2011,20110624,109.44,106.07,0.0076
27/06/2011,20110627,106.27,106.31,0.0101
28/06/2011,20110628,104.73,109.15,0.0076
29/06/2011,20110629,107.77,112.73,0.0076
30/06/2011,20110630,110.82,112.8,0.0076
01/07/2011,20110701,112.14,112.06,0.0101
04/07/2011,20110704,111.03,112.06,0.0101
05/07/2011,20110705,111.55,113.33,0.0076
06/07/2011,20110706,112.8,113.47,0.0101
07/07/2011,20110707,113.1,118.2,0.0203
08/07/2011,20110708,116.39,117.72,0.0228
11/07/2011,20110711,117.93,116.59,0.0203
12/07/2011,20110712,116.86,117.16,0.0127
13/07/2011,20110713,116.65,118.05,0.0101
14/07/2011,20110714,118.29,116.68,0.0102
15/07/2011,20110715,118.34,117.52,0.0178
18/07/2011,20110718,116.75,116.19,0.0102
19/07/2011,20110719,116.39,117.09,0.0127
20/07/2011,20110720,117.27,118.22,0.0203
21/07/2011,20110721,118.32,117.6,0.0305
22/07/2011,20110722,117.89,118.68,0.0458
25/07/2011,20110725,118.35,117.98,0.0483
26/07/2011,20110726,117.79,118.32,0.0686
27/07/2011,20110727,118.11,117.12,0.0813
28/07/2011,20110728,118.02,117.17,0.1017
29/07/2011,20110729,118.03,116.53,0.1678
01/08/2011,20110801,116.77,116.42,0.1373
02/08/2011,20110802,118.16,116.03,0.0356
03/08/2011,20110803,116.42,113.04,0.0153
04/08/2011,20110804,114.84,107.24,0.0101
05/08/2011,20110805,111.04,109.45,0.0101
08/08/2011,20110808,108.62,103.93,0.0203
09/08/2011,20110809,105.6,102.63,0.0127
10/08/2011,20110810,103.28,106.6,0.0177
11/08/2011,20110811,105.59,107.6,0.0127
12/08/2011,20110812,106.58,107.4,0.0102
15/08/2011,20110815,108.26,109.6,0.0102
16/08/2011,20110816,108.77,108.74,0.0025
17/08/2011,20110817,109.45,110.11,0.0127
18/08/2011,20110818,110.81,106.42,0.0102
19/08/2011,20110819,108.5,107.96,0.0076
22/08/2011,20110822,107.4,107.75,0.0102
23/08/2011,20110823,107.45,108.65,0.0102
24/08/2011,20110824,108.9,109.39,-0.0076
25/08/2011,20110825,109.88,109.83,0.0025
26/08/2011,20110826,110.85,110.52,-0.0076
29/08/2011,20110829,110.73,110.98,0.0025
30/08/2011,20110830,111.88,112.96,0.0102
31/08/2011,20110831,112.93,113.6,0.0076
01/09/2011,20110901,114.42,112.88,0.0101
02/09/2011,20110902,114.54,110.68,0.0101
05/09/2011,20110905,113.17,110.68,0.0101
06/09/2011,20110906,110.88,111.28,0.0101
07/09/2011,20110907,111.53,114.18,0.0076
08/09/2011,20110908,114.42,112.54,0.0102
09/09/2011,20110909,115.68,110.01,0.0102
12/09/2011,20110912,113.41,109.01,0.0076
13/09/2011,20110913,111.95,108.87,-0.0102
14/09/2011,20110914,112.31,108.7,-0.0025
15/09/2011,20110915,112.25,111.11,0.0025
16/09/2011,20110916,115.1,111.02,0.0102
19/09/2011,20110919,113.09,108.11,0.0102
20/09/2011,20110920,110.61,109.26,-0.0025
21/09/2011,20110921,110.65,108.87,-0.0102
22/09/2011,20110922,111.24,103.98,-0.0025
23/09/2011,20110923,106.78,102.46,0.0076
26/09/2011,20110926,105.11,102.5,0.0102
27/09/2011,20110927,104.42,105.66,0.0025
28/09/2011,20110928,106.3,102.56,-0.0025
29/09/2011,20110929,106.26,102.48,-0.0076
30/09/2011,20110930,104.82,100.88,0.0127
03/10/2011,20111003,103.3,99.62,0.0101
04/10/2011,20111004,102.17,97.98,0.0025
05/10/2011,20111005,100.72,101.12,0.0025
06/10/2011,20111006,102.04,104.2,0.0102
07/10/2011,20111007,103.75,104.15,0.0076
10/10/2011,20111010,105.7,106.65,0.0025
11/10/2011,20111011,107.94,108.05,0.0102
12/10/2011,20111012,109.24,108.97,0.0127
13/10/2011,20111013,111.9,109.2,0.0178
14/10/2011,20111014,110.67,112.23,0.0102
17/10/2011,20111017,114.53,110.16,0.0153
18/10/2011,20111018,111.64,111.15,0.0127
19/10/2011,20111019,110.13,108.39,0.0102
20/10/2011,20111020,110.5,109.76,0.0076
21/10/2011,20111021,109.34,109.56,0.0076
24/10/2011,20111024,110.51,111.45,0.0025
25/10/2011,20111025,110.84,110.92,0.0025
26/10/2011,20111026,111.45,108.91,0.0127
27/10/2011,20111027,110.41,112.08,0.0127
28/10/2011,20111028,111.74,109.91,0.0152
31/10/2011,20111031,110.61,109.56,0.0101
01/11/2011,20111101,109.26,109.54,0.0101
02/11/2011,20111102,107.96,109.34,0.0025
03/11/2011,20111103,110.58,110.83,0.0102
04/11/2011,20111104,110.34,111.97,0.0102
07/11/2011,20111107,111.79,114.56,-0.0025
08/11/2011,20111108,113.78,115,0.0025
09/11/2011,20111109,115.75,112.31,0.0076
10/11/2011,20111110,113.81,113.71,0.0076
11/11/2011,20111111,113.38,114.16,0.0076
14/11/2011,20111114,114.16,111.89,0.0025
15/11/2011,20111115,113.16,112.18,0.0025
16/11/2011,20111116,112.38,111.88,0.0127
17/11/2011,20111117,111.81,108.22,0.0102
18/11/2011,20111118,109.63,107.56,0.0025
21/11/2011,20111121,108.9,106.88,0.0102
22/11/2011,20111122,106.95,109.03,0.0127
23/11/2011,20111123,108.27,107.02,0.0229
24/11/2011,20111124,107.57,107.02,0.0229
25/11/2011,20111125,107.84,106.4,0.0177
28/11/2011,20111128,106.77,109,0.0076
29/11/2011,20111129,108.98,110.82,0.0076
30/11/2011,20111130,110.41,110.52,0.0177
01/12/2011,20111201,110.71,108.99,0.0102
02/12/2011,20111202,109.5,109.94,0.0178
05/12/2011,20111205,109.86,109.81,0.0102
06/12/2011,20111206,110.87,110.81,0.0102
07/12/2011,20111207,110.35,109.53,-0.0076
08/12/2011,20111208,110.27,108.11,-0.0102
09/12/2011,20111209,109.15,108.62,-0.0025
12/12/2011,20111212,108.36,107.26,-0.0102
13/12/2011,20111213,107.59,109.5,0.0025
14/12/2011,20111214,108.71,105.02,-0.0076
15/12/2011,20111215,106.98,102.63,-0.0102
16/12/2011,20111216,105.76,102.13,-0.0102
19/12/2011,20111219,103.92,102,-0.0076
20/12/2011,20111220,104.1,105.05,-0.0178
21/12/2011,20111221,106.25,106.02,-0.0076
22/12/2011,20111222,107.39,106.12,-0.0025
23/12/2011,20111223,108.01,106.26,0.0025
26/12/2011,20111226,108.01,106.26,0.0025
27/12/2011,20111227,107.96,107.55,0.0025
28/12/2011,20111228,108.64,106.13,-0.0102
29/12/2011,20111229,108.06,106.64,-0.0025
30/12/2011,20111230,107.62,105.97,0.0025
02/01/2012,20120102,107.62,105.97,0.0025
03/01/2012,20120103,107.52,110.25,0.0102
04/01/2012,20120104,110.74,112.25,0.0102
05/01/2012,20120105,112.56,111.3,0.0076
06/01/2012,20120106,113.59,111.86,0.0102
09/01/2012,20120109,113.07,111.66,0.0025
10/01/2012,20120110,112.78,112.14,0.0102
11/01/2012,20120111,113.37,111.27,0.0102
12/01/2012,20120112,112.96,110.17,0.0203
13/01/2012,20120113,113.34,109.71,0.0178
16/01/2012,20120116,110.87,109.71,0.0178
17/01/2012,20120117,111.29,111.09,0.0153
18/01/2012,20120118,111.94,110.27,0.0127
19/01/2012,20120119,111.3,111.02,0.0305
20/01/2012,20120120,111.4,109.4,0.0203
23/01/2012,20120123,110.65,110.09,0.0254
24/01/2012,20120124,110.6,109.87,0.0127
25/01/2012,20120125,110.13,109.67,0.0229
26/01/2012,20120126,109.85,110.3,0.0381
27/01/2012,20120127,111.15,110.7,0.0432
30/01/2012,20120130,111.33,110.1,0.0432
31/01/2012,20120131,111.03,110.25,0.0458
01/02/2012,20120201,111.69,110.73,0.0534
02/02/2012,20120202,112,111.16,0.0686
03/02/2012,20120203,111.85,113.68,0.0483
06/02/2012,20120206,113.24,115.12,0.0407
07/02/2012,20120207,114.87,115.19,0.0381
08/02/2012,20120208,116.34,115.86,0.061
09/02/2012,20120209,116.67,117.23,0.0559
10/02/2012,20120210,118.17,115.93,0.0483
13/02/2012,20120213,117.22,116.52,0.0483
14/02/2012,20120214,118.28,116.22,0.0585
15/02/2012,20120215,118.03,117.57,0.089
16/02/2012,20120216,118.9,118.56,0.0432
17/02/2012,20120217,119.62,118.13,0.0254
20/02/2012,20120220,119.83,118.13,0.0356
21/02/2012,20120221,120.52,120.29,0.0229
22/02/2012,20120222,120.51,120.98,0.0203
23/02/2012,20120223,122.29,121.83,0.0661
24/02/2012,20120224,123.86,123.8,0.0661
27/02/2012,20120227,124.23,122.66,0.0686
28/02/2012,20120228,124.26,120.08,0.0559
29/02/2012,20120229,123.16,120.85,0.0788
01/03/2012,20120301,122.51,124.09,0.0661
02/03/2012,20120302,124.3,121.9,0.0559
05/03/2012,20120305,124.67,122.32,0.0635
06/03/2012,20120306,123.93,120.92,0.0559
07/03/2012,20120307,122.65,123.06,0.0559
08/03/2012,20120308,123.19,124.47,0.0585
09/03/2012,20120309,125.67,124.84,0.0458
12/03/2012,20120312,125.58,124.26,0.0483
13/03/2012,20120313,125.17,125.21,0.0508
14/03/2012,20120314,126.14,124.15,0.0813
15/03/2012,20120315,125.96,122.22,0.0737
16/03/2012,20120316,123.58,125.28,0.0661
19/03/2012,20120319,124.22,125.24,0.0661
20/03/2012,20120320,125.63,123.72,0.0763
21/03/2012,20120321,124.18,123.68,0.0839
22/03/2012,20120322,124.42,122.58,0.061
23/03/2012,20120323,123.26,124.39,0.061
26/03/2012,20120326,124.83,124.98,0.0534
27/03/2012,20120327,125.5,124.77,0.0534
28/03/2012,20120328,125.66,123.46,0.0508
29/03/2012,20120329,124.37,121.63,0.0178
30/03/2012,20120330,123.67,122.08,0.0356
02/04/2012,20120402,123.28,124.77,0.0534
03/04/2012,20120403,123.43,124.38,0.0534
04/04/2012,20120404,125.24,121.86,0.0712
05/04/2012,20120405,123.76,122.83,0.061
06/04/2012,20120406,123.76,122.83,0.061
09/04/2012,20120409,122.95,122.13,0.0585
10/04/2012,20120410,122.2,119.5,0.0686
11/04/2012,20120411,121.33,119.87,0.0763
12/04/2012,20120412,120.06,121.52,0.0763
13/04/2012,20120413,120.56,121.21,0.0635
16/04/2012,20120416,121.77,118.68,0.061
17/04/2012,20120417,119.58,118.68,0.0559
18/04/2012,20120418,118.91,117.97,0.0534
19/04/2012,20120419,117.76,118,0.0407
20/04/2012,20120420,118.69,118.76,0.0356
23/04/2012,20120423,118.96,118.71,0.0407
24/04/2012,20120424,117.99,118.16,0.0559
25/04/2012,20120425,118.49,119.12,0.0737
26/04/2012,20120426,118.71,119.92,0.0763
27/04/2012,20120427,119.71,119.83,0.0712
30/04/2012,20120430,119.76,119.47,0.061
01/05/2012,20120501,119.37,119.66,0.0483
02/05/2012,20120502,119.54,118.2,0.0559
03/05/2012,20120503,118.88,116.08,0.0534
04/05/2012,20120504,117.32,113.18,0.0508
07/05/2012,20120507,114.06,113.16,0.061
08/05/2012,20120508,112.9,112.73,0.061
09/05/2012,20120509,112.28,113.2,0.061
10/05/2012,20120510,112.41,112.73,0.0788
11/05/2012,20120511,113.06,112.26,0.0686
14/05/2012,20120514,112.18,111.57,0.0686
15/05/2012,20120515,111.02,112.24,0.0686
16/05/2012,20120516,112.14,107.35,0.0788
17/05/2012,20120517,111.54,105.35,0.0763
18/05/2012,20120518,109.09,104.66,0.0635
21/05/2012,20120521,107.42,106.09,0.0559
22/05/2012,20120522,108.28,105.82,0.0483
23/05/2012,20120523,108.92,103.45,0.0686
24/05/2012,20120524,106.87,104.16,0.0737
25/05/2012,20120525,106.59,104.81,0.0635
28/05/2012,20120528,107.17,104.81,0.0635
29/05/2012,20120529,107.74,104.76,0.061
30/05/2012,20120530,107.45,101.79,0.033
31/05/2012,20120531,104.55,100.33,0.0254
01/06/2012,20120601,103.17,97.03,0.0305
04/06/2012,20120604,99.43,97.26,0.0356
05/06/2012,20120605,97.67,97.21,0.0534
06/06/2012,20120606,98.62,98.93,0.0407
07/06/2012,20120607,100.59,98.53,0.0407
08/06/2012,20120608,100.88,98.42,0.0356
11/06/2012,20120611,98.27,97.15,0.0356
12/06/2012,20120612,99.59,96.86,0.0559
13/06/2012,20120613,97.49,96.36,0.0712
14/06/2012,20120614,97.46,96.91,0.0737
15/06/2012,20120615,96.91,97.23,0.0534
18/06/2012,20120618,97.73,95.94,0.0432
19/06/2012,20120619,96.54,95.96,0.0305
20/06/2012,20120620,96.04,93.59,0.0432
21/06/2012,20120621,94.79,90.44,0.0432
22/06/2012,20120622,91.35,91.78,0.0381
25/06/2012,20120625,90.45,91.73,0.0458
26/06/2012,20120626,90.34,93.16,0.0458
27/06/2012,20120627,91.99,93.33,0.0585
28/06/2012,20120628,93.1,91.39,0.0229
29/06/2012,20120629,93.1,97.79,0.0432
02/07/2012,20120702,95.28,96.6,0.0432
03/07/2012,20120703,96.54,99.94,0.0458
04/07/2012,20120704,100.16,99.94,0.0458
05/07/2012,20120705,99.96,99.72,0.0686
06/07/2012,20120706,101.35,97.3,0.0585
09/07/2012,20120709,98.86,98.92,0.0585
10/07/2012,20120710,99.19,97.04,0.0585
11/07/2012,20120711,99.13,98.91,0.0635
12/07/2012,20120712,99.44,99.33,0.0786
13/07/2012,20120713,99.78,100.31,0.0659
16/07/2012,20120716,102.14,102.28,0.0228
17/07/2012,20120717,103.6,102.82,0.0406
18/07/2012,20120718,104.33,103.83,0.0583
19/07/2012,20120719,104.71,106.22,0.0532
20/07/2012,20120720,107.26,105.49,0.0608
23/07/2012,20120723,106.87,101.74,0.0507
24/07/2012,20120724,103.65,101.78,0.0659
25/07/2012,20120725,103.76,102.74,0.071
26/07/2012,20120726,103.76,103.28,0.0735
27/07/2012,20120727,105.21,104.47,0.0684
30/07/2012,20120730,106.23,104.27,0.0406
31/07/2012,20120731,106.34,102.97,0.0456
01/08/2012,20120801,105.92,103.58,0.0583
02/08/2012,20120802,106.01,103.02,0.033
03/08/2012,20120803,106.41,106.16,0.0153
06/08/2012,20120806,108.04,107.04,0.0254
07/08/2012,20120807,108.98,108.99,0.0559
08/08/2012,20120808,111.2,109.31,0.0915
09/08/2012,20120809,112.24,110.48,0.0989
10/08/2012,20120810,112.89,109.81,0.0913
13/08/2012,20120813,112.47,110.52,0.0913
14/08/2012,20120814,114.38,110.86,0.0938
15/08/2012,20120815,114.04,112.76,0.1039
16/08/2012,20120816,114.79,113.92,0.0887
17/08/2012,20120817,116.96,112.53,0.0862
20/08/2012,20120820,114.08,112.54,0.0913
21/08/2012,20120821,114.3,113.57,0.0887
22/08/2012,20120822,114.93,113.91,0.0989
23/08/2012,20120823,114.52,113.68,0.0989
24/08/2012,20120824,116.04,112.51,0.0938
27/08/2012,20120827,114.69,111.26,0.1039
28/08/2012,20120828,113.42,111.81,0.0989
29/08/2012,20120829,112.73,111.66,0.1191
30/08/2012,20120830,112.44,111.8,0.1093
31/08/2012,20120831,113.11,113.6,0.0839
03/09/2012,20120903,114.02,113.6,0.0839
04/09/2012,20120904,115.12,113.13,0.0991
05/09/2012,20120905,115.58,112.28,0.1042
06/09/2012,20120906,113.71,112.67,0.0963
07/09/2012,20120907,114.14,113.26,0.0887
10/09/2012,20120910,113.99,113.84,0.0887
11/09/2012,20120911,114.72,114.27,0.0913
12/09/2012,20120912,115.07,114.88,0.0938
13/09/2012,20120913,116.19,115.41,0.0913
14/09/2012,20120914,116.85,116.19,0.0735
17/09/2012,20120917,117.26,113.25,0.0456
18/09/2012,20120918,116.02,111.46,0.0406
19/09/2012,20120919,113.33,107.56,0.0786
20/09/2012,20120920,110.11,109.23,0.071
21/09/2012,20120921,108.73,110.62,0.0355
24/09/2012,20120924,110.96,109.16,0.0127
25/09/2012,20120925,109.93,109.67,0.0101
26/09/2012,20120926,110.83,109.23,0.0507
27/09/2012,20120927,109.65,111.19,0.0432
28/09/2012,20120928,111.53,111.58,0.0559
01/10/2012,20121001,112.6,111.36,0.0483
02/10/2012,20121002,112.3,110.83,0.0763
03/10/2012,20121003,112.11,107.43,0.0864
04/10/2012,20121004,109.72,111.7,0.1014
05/10/2012,20121005,110.2,111.18,0.1039
08/10/2012,20121008,112.09,110.92,0.1039
09/10/2012,20121009,111.79,113.41,0.1039
10/10/2012,20121010,113.35,113.18,0.1039
11/10/2012,20121011,114.64,114.68,0.1242
12/10/2012,20121012,115.53,113.61,0.1191
15/10/2012,20121015,114.87,114.4,0.0938
16/10/2012,20121016,114.96,114,0.0989
17/10/2012,20121017,115.01,113.22,0.1267
18/10/2012,20121018,113.68,112.42,0.1141
19/10/2012,20121019,112.71,110.14,0.1039
22/10/2012,20121022,112.25,109.44,0.0938
23/10/2012,20121023,110.36,108.25,0.0862
24/10/2012,20121024,108.59,107.85,0.1293
25/10/2012,20121025,108.36,108.49,0.1296
26/10/2012,20121026,108.7,109.55,0.1169
29/10/2012,20121029,108.63,109.44,0.1144
30/10/2012,20121030,109.55,109.08,0.089
31/10/2012,20121031,109.4,108.7,0.112
01/11/2012,20121101,109.3,108.17,0.0583
02/11/2012,20121102,108.38,105.68,0.0634
05/11/2012,20121105,107.21,107.73,0.0862
06/11/2012,20121106,106.12,111.07,0.076
07/11/2012,20121107,109.32,106.82,0.1166
08/11/2012,20121108,108.97,107.25,0.1293
09/11/2012,20121109,107.38,109.4,0.1191
12/11/2012,20121112,107.86,109.07,0.122
13/11/2012,20121113,109.52,108.26,0.133
14/11/2012,20121114,108.2,109.61,0.127
15/11/2012,20121115,109.14,105.6,0.125
16/11/2012,20121116,110.84,106.27,0.117
19/11/2012,20121119,108.51,108.74,0.093
20/11/2012,20121120,110.83,107,0.114
21/11/2012,20121121,110.94,107.98,0.161
22/11/2012,20121122,110.97,107.98,0.161
23/11/2012,20121123,110.62,108.48,0.154
26/11/2012,20121126,110.87,108.06,0.155
27/11/2012,20121127,110.95,107.23,0.155
28/11/2012,20121128,110.54,106.74,0.171
29/11/2012,20121129,109.29,107.85,0.15
30/11/2012,20121130,110.84,108.22,0.109
03/12/2012,20121203,110.96,108.04,0.124
04/12/2012,20121204,111.56,106.98,0.122
05/12/2012,20121205,110.03,106.06,0.063
06/12/2012,20121206,109.79,104.38,0.067
07/12/2012,20121207,107.99,104.17,0.053
10/12/2012,20121210,107.25,103.84,0.048
11/12/2012,20121211,107.89,104.26,0.027
12/12/2012,20121212,108.05,105.49,0.03
13/12/2012,20121213,109.44,103.97,0.018
14/12/2012,20121214,108.9,105.57,0.008
17/12/2012,20121217,109.13,104.95,0.003
18/12/2012,20121218,108.03,106.06,0.008
19/12/2012,20121219,108.63,107.62,0.023
20/12/2012,20121220,110.01,107.59,0.01
21/12/2012,20121221,110.26,106.53,0.01
24/12/2012,20121224,109.31,106.27,0.01
25/12/2012,20121225,109.31,106.27,0.01
26/12/2012,20121226,108.62,108.31,0.013
27/12/2012,20121227,109.55,108.06,0.013
28/12/2012,20121228,109.73,107.65,0.003
31/12/2012,20121231,110.62,107.94,0.018
01/01/2013,20130101,110.62,107.94,0.018
02/01/2013,20130102,110.44,108.97,0.048
03/01/2013,20130103,112.36,108.68,0.056
04/01/2013,20130104,112.16,108,0.053
07/01/2013,20130107,111.17,108.39,0.041
08/01/2013,20130108,111.16,109.11,0.033
09/01/2013,20130109,111.6,109,0.041
10/01/2013,20130110,111.51,109.24,0.043
11/01/2013,20130111,112.72,108.03,0.043
14/01/2013,20130114,110.67,109.02,0.053
15/01/2013,20130115,111.36,107.73,0.046
16/01/2013,20130116,111.58,107.72,0.068
17/01/2013,20130117,110.61,109.05,0.043
18/01/2013,20130118,110.62,109.54,0.028
21/01/2013,20130121,111.22,109.54,0.043
22/01/2013,20130122,111.84,109.88,0.023
23/01/2013,20130123,112.3,110.05,0.03
24/01/2013,20130124,112.72,110.68,0.058
25/01/2013,20130125,113.11,110.48,0.056
28/01/2013,20130128,113.57,110.75,0.025
29/01/2013,20130129,113.39,111.64,0.02
30/01/2013,20130130,113.91,112.34,0.041
31/01/2013,20130131,114.93,112.94,0.03
01/02/2013,20130201,115.08,114.22,0.025
04/02/2013,20130204,116.36,113.13,0.028
05/02/2013,20130205,116.04,113.93,0.038
06/02/2013,20130206,116.67,114.24,0.053
07/02/2013,20130207,116.44,114.64,0.023
08/02/2013,20130208,117.51,116.09,0.038
11/02/2013,20130211,118.6,115.59,0.048
12/02/2013,20130212,118.29,116.17,0.053
13/02/2013,20130213,118.49,116.21,0.089
14/02/2013,20130214,118.58,116.35,0.099
15/02/2013,20130215,117.89,115.96,0.084
18/02/2013,20130218,117.44,115.96,0.099
19/02/2013,20130219,117.71,115.8,0.079
20/02/2013,20130220,117.35,113.97,0.094
21/02/2013,20130221,116.73,111.94,0.109
22/02/2013,20130222,114.17,112.43,0.106
25/02/2013,20130225,114.24,112.7,0.084
26/02/2013,20130226,115.11,111.07,0.084
27/02/2013,20130227,113.38,110.16,0.104
28/02/2013,20130228,112.72,109.55,0.063
01/03/2013,20130301,112.08,108.51,0.063
04/03/2013,20130304,110.39,108.13,0.051
05/03/2013,20130305,110.37,109.77,0.066
06/03/2013,20130306,110.95,109.22,0.091
07/03/2013,20130307,111.22,109.56,0.094
08/03/2013,20130308,111.04,109.58,0.084
11/03/2013,20130311,110.31,109.11,0.084
12/03/2013,20130312,110.13,108.72,0.084
13/03/2013,20130313,110.14,107.8,0.089
14/03/2013,20130314,109.28,108.41,0.076
15/03/2013,20130315,109.38,109.26,0.068
18/03/2013,20130318,109.99,109.03,0.068
19/03/2013,20130319,109,106.97,0.061
20/03/2013,20130320,108.61,108.21,0.076
21/03/2013,20130321,108.4,107.04,0.074
22/03/2013,20130322,108.07,107.25,0.068
25/03/2013,20130325,107.66,107.83,0.056
26/03/2013,20130326,108.2,109.09,0.056
27/03/2013,20130327,108.53,109.43,0.058
28/03/2013,20130328,109.51,109.79,0.03
29/03/2013,20130329,109.51,109.79,0.03
01/04/2013,20130401,109.58,110.81,0.056
02/04/2013,20130402,110.16,110.53,0.056
03/04/2013,20130403,111,106.95,0.056
04/04/2013,20130404,109.19,106.15,0.061
05/04/2013,20130405,106.7,104.15,0.041
08/04/2013,20130408,105.3,104.77,0.043
09/04/2013,20130409,104.88,106.15,0.048
10/04/2013,20130410,105.25,105.78,0.063
11/04/2013,20130411,105.9,104.38,0.056
12/04/2013,20130412,105.18,103.04,0.043
15/04/2013,20130415,102.61,100.63,0.036
16/04/2013,20130416,100.36,99.91,0.038
17/04/2013,20130417,99.81,97.69,0.043
18/04/2013,20130418,98.9,99.13,0.028
19/04/2013,20130419,98.95,99.65,0.036
22/04/2013,20130422,99.67,100.39,0.03
23/04/2013,20130423,100.87,100.31,0.036
24/04/2013,20130424,99.84,101.73,0.046
25/04/2013,20130425,101.26,103.41,0.036
26/04/2013,20130426,102.32,103.16,0.033
29/04/2013,20130429,103.07,103.81,0.018
30/04/2013,20130430,103.47,102.37,0.03
01/05/2013,20130501,103.22,99.95,0.025
02/05/2013,20130502,100.43,102.85,0.018
03/05/2013,20130503,101.15,104.19,0.01
06/05/2013,20130506,103.93,105.46,0.003
07/05/2013,20130507,104.83,104.4,0.008
08/05/2013,20130508,105.22,104.34,0.008
09/05/2013,20130509,104.16,104.47,0.013
10/05/2013,20130510,104.07,103.91,0.013
13/05/2013,20130513,103.27,102.82,0.013
14/05/2013,20130514,102.97,102.6,0.008
15/05/2013,20130515,102.56,103.68,0.008
16/05/2013,20130516,102.42,102.29,0.003
17/05/2013,20130517,103.72,103.06,0.003
20/05/2013,20130520,104.49,103.37,0.003
21/05/2013,20130521,104.58,102.62,0.003
22/05/2013,20130522,104.19,101.27,0.028
23/05/2013,20130523,103.17,101.02,0.02
24/05/2013,20130524,101.71,101.08,0.018
27/05/2013,20130527,102.27,101.08,0.02
28/05/2013,20130528,102.53,102.51,0.01
29/05/2013,20130529,104.23,100.84,0.015
30/05/2013,20130530,103.56,100.72,0.015
31/05/2013,20130531,101.93,99.02,0.018
03/06/2013,20130603,101.28,100.44,0.018
04/06/2013,20130604,101.69,101.22,0.03
05/06/2013,20130605,102.25,101.15,0.041
06/06/2013,20130606,103.62,101.83,0.038
07/06/2013,20130607,103.4,102.81,0.036
10/06/2013,20130610,104.02,102.6,0.038
11/06/2013,20130611,104.33,101.63,0.038
12/06/2013,20130612,102.63,102.27,0.038
13/06/2013,20130613,103.44,103.51,0.038
14/06/2013,20130614,104.29,104.41,0.036
17/06/2013,20130617,105.87,104.07,0.036
18/06/2013,20130618,106.11,104.66,0.025
19/06/2013,20130619,105.77,104.7,0.028
20/06/2013,20130620,106.32,100.75,0.015
21/06/2013,20130621,103.52,99.42,0.013
24/06/2013,20130624,101.86,99.76,0.005
25/06/2013,20130625,100.61,99.83,0.005
26/06/2013,20130626,101.71,100.22,0.013
27/06/2013,20130627,101.44,101.23,0.013
28/06/2013,20130628,102.57,100.46,0.008
01/07/2013,20130701,102.86,101.17,0.008
02/07/2013,20130702,103.06,102.14,0.008
03/07/2013,20130703,103.6,103.76,0.018
04/07/2013,20130704,105.44,103.76,0.018
05/07/2013,20130705,105.38,105.02,0.028
08/07/2013,20130708,106.8,104.93,0.023
09/07/2013,20130709,107.28,105.34,0.018
10/07/2013,20130710,107.47,105.77,0.023
11/07/2013,20130711,108.39,105.37,0.018
12/07/2013,20130712,108.14,106.16,0.02
15/07/2013,20130715,108.35,106.13,0.015
16/07/2013,20130716,108.72,106.17,0.01
17/07/2013,20130717,109.36,106.71,0.013
18/07/2013,20130718,108.47,106.74,0.005
19/07/2013,20130719,108.55,105.87,0.005
22/07/2013,20130722,108.74,105.76,0.005
23/07/2013,20130723,108.35,106.13,0.008
24/07/2013,20130724,108.3,105.21,0.018
25/07/2013,20130725,107.68,105.61,0.013
26/07/2013,20130726,107.26,105.06,0.015
29/07/2013,20130729,107.27,105.33,0.013
30/07/2013,20130730,107.57,104.94,0.008
31/07/2013,20130731,107.25,105.75,0.023
01/08/2013,20130801,106.71,107.29,0.018
02/08/2013,20130802,109.17,106.81,0.008
05/08/2013,20130805,109.19,106.44,0.03
06/08/2013,20130806,109.81,105.67,0.036
07/08/2013,20130807,108.63,104.81,0.043
08/08/2013,20130808,107.71,104.06,0.048
09/08/2013,20130809,106.84,105.47,0.048
12/08/2013,20130812,107.49,106.44,0.048
13/08/2013,20130813,108.29,107.09,0.058
14/08/2013,20130814,109.75,107.26,0.053
15/08/2013,20130815,109.63,108.03,0.043
16/08/2013,20130816,111.17,108.46,0.036
19/08/2013,20130819,110.1,108.09,0.028
20/08/2013,20130820,110.55,108.22,0.015
21/08/2013,20130821,109.68,107.93,0.015
22/08/2013,20130822,109.85,108.03,0.005
23/08/2013,20130823,109.92,108.89,0.013
26/08/2013,20130826,110.59,108.57,0.015
27/08/2013,20130827,110.98,111.87,0.013
28/08/2013,20130828,113.24,113.76,0.03
29/08/2013,20130829,115.74,112.37,0.023
30/08/2013,20130830,115.83,110.99,0.015
02/09/2013,20130902,114.88,110.99,0.015
03/09/2013,20130903,114.29,112.23,0.02
04/09/2013,20130904,115.16,111.75,0.015
05/09/2013,20130905,115.22,112.1,0.028
06/09/2013,20130906,115.43,112.87,0.018
09/09/2013,20130909,115.98,111.09,0.015
10/09/2013,20130910,114.82,108.89,0.008
11/09/2013,20130911,111.91,109.13,0.008
12/09/2013,20130912,111.92,110.37,0.005
13/09/2013,20130913,112.41,110.36,0.008
16/09/2013,20130916,112.32,108.99,0.005
17/09/2013,20130917,109.88,107.27,-0.003
18/09/2013,20130918,109.04,109.66,0.003
19/09/2013,20130919,108.96,107.99,-0.003
20/09/2013,20130920,110.28,108.33,0.005
23/09/2013,20130923,109.32,107.37,0.003
24/09/2013,20130924,108.73,107.77,0.015
25/09/2013,20130925,108.17,107.41,0.015
26/09/2013,20130926,109.48,108.28,0.03
27/09/2013,20130927,109.03,107.7,0.018
30/09/2013,20130930,108.96,107.43,0.02
01/10/2013,20131001,108.01,107.11,0.076
02/10/2013,20131002,107.87,108.3,0.071
03/10/2013,20131003,108.52,108.07,0.129
04/10/2013,20131004,109.41,108.54,0.112
07/10/2013,20131007,109.45,108.85,0.15
08/10/2013,20131008,108.97,109.41,0.327
09/10/2013,20131009,110.33,108.27,0.264
10/10/2013,20131010,109.45,110.93,0.21
11/10/2013,20131011,110.63,110.42,0.248
14/10/2013,20131014,111.26,110.24,0.248
15/10/2013,20131015,110.71,109.42,0.337
16/10/2013,20131016,110.32,110.59,0.134
17/10/2013,20131017,110.97,109.11,0.013
18/10/2013,20131018,109.78,109.94,0.008
21/10/2013,20131021,109.84,109.64,0.015
22/10/2013,20131022,109.85,109.97,0.013
23/10/2013,20131023,110.19,107.8,0.018
24/10/2013,20131024,108.96,106.99,0.015
25/10/2013,20131025,107.59,106.93,0.02
28/10/2013,20131028,106.87,109.61,0.02
29/10/2013,20131029,108.48,109.01,0.03
30/10/2013,20131030,109.02,109.86,0.043
31/10/2013,20131031,109.46,108.84,0.028
01/11/2013,20131101,109.2,105.91,0.025
04/11/2013,20131104,107.26,106.23,0.02
05/11/2013,20131105,105.94,105.33,0.033
06/11/2013,20131106,105.98,105.24,0.048
07/11/2013,20131107,105.89,103.46,0.048
08/11/2013,20131108,104.04,105.12,0.038
11/11/2013,20131111,104.25,106.4,0.038
12/11/2013,20131112,105.89,105.81,0.043
13/11/2013,20131113,106.51,107.12,0.046
14/11/2013,20131114,107.04,107.14,0.051
15/11/2013,20131115,108.55,107.36,0.051
18/11/2013,20131118,108.36,107.26,0.036
19/11/2013,20131119,108.33,105.87,0.03
20/11/2013,20131120,108.07,106.8,0.053
21/11/2013,20131121,107.28,108.64,0.015
22/11/2013,20131122,108.82,109.69,0.02
25/11/2013,20131125,110.72,109.65,0.033
26/11/2013,20131126,109.77,109.59,0.028
27/11/2013,20131127,111.2,110.1,0.056
28/11/2013,20131128,111.22,110.1,0.056
29/11/2013,20131129,111.1,108.76,0.046
02/12/2013,20131202,110.74,110.4,0.02
03/12/2013,20131203,110.45,111.43,0.023
04/12/2013,20131204,111.99,110.79,0.028
05/12/2013,20131205,112.3,110,0.018
06/12/2013,20131206,111.65,110.65,0.023
09/12/2013,20131209,111.52,108.76,0.02
10/12/2013,20131210,110.56,108.75,0.023
11/12/2013,20131211,109.62,109.12,0.018
12/12/2013,20131212,109.33,107.97,0.013
13/12/2013,20131213,109.2,107.81,0.008
16/12/2013,20131216,108.56,108.77,0.005
17/12/2013,20131217,110.41,107.96,0.008
18/12/2013,20131218,108.67,109,0.01
19/12/2013,20131219,108.94,109.6,0.003
20/12/2013,20131220,110.03,110.9,0.003
23/12/2013,20131223,111.13,110.88,0.005
24/12/2013,20131224,111.68,111.23,0.003
25/12/2013,20131225,111.68,111.23,0.003
26/12/2013,20131226,111.92,111.34,-0.005
27/12/2013,20131227,111.83,111.47,-0.003
30/12/2013,20131230,112.16,110.69,0.003
31/12/2013,20131231,111.59,110.27,0.013
01/01/2014,20140101,111.59,110.27,0.013
02/01/2014,20140102,110.93,107.4,0.005
03/01/2014,20140103,109.44,106.24,0.01
06/01/2014,20140106,107.66,106.17,0.005
07/01/2014,20140107,107.4,106.72,0.003
08/01/2014,20140108,107.27,106.41,0.003
09/01/2014,20140109,107.58,105.7,0.008
10/01/2014,20140110,107.53,106.28,0.008
13/01/2014,20140113,106.84,105.58,-0.005
14/01/2014,20140114,106.99,105.25,-0.008
15/01/2014,20140115,106.67,105.95,0.005
16/01/2014,20140116,106.69,105.31,-0.003
17/01/2014,20140117,107.06,105.94,-0.005
20/01/2014,20140120,106.44,105.94,-0.005
21/01/2014,20140121,106.41,106.05,-0.003
22/01/2014,20140122,107.52,107.51,0.003
23/01/2014,20140123,107.76,106.92,0.008
24/01/2014,20140124,108.04,107.19,0.043
27/01/2014,20140127,107.28,106.03,0.028
28/01/2014,20140128,107.25,106.86,0.028
29/01/2014,20140129,107.36,107.24,0.038
30/01/2014,20140130,107.68,107.3,0.03
31/01/2014,20140131,108.15,105.81,0.025
03/02/2014,20140203,107.05,105.39,0.03
04/02/2014,20140204,106.04,105.17,0.038
05/02/2014,20140205,105.94,105.66,0.096
06/02/2014,20140206,106.09,106.6,0.061
07/02/2014,20140207,107.11,108.85,0.096
10/02/2014,20140210,108.05,107.96,0.058
11/02/2014,20140211,109.31,108.18,0.038
12/02/2014,20140212,108.92,108.35,0.005
13/02/2014,20140213,109.09,108.52,0.005
14/02/2014,20140214,108.73,109.08,0.008
17/02/2014,20140217,108.54,109.08,0.008
18/02/2014,20140218,109.1,110.46,0.013
19/02/2014,20140219,109.8,110.47,0.008
20/02/2014,20140220,110.47,110.3,0.018
21/02/2014,20140221,110.16,109.85,0.018
24/02/2014,20140224,110.06,110.64,0.015
25/02/2014,20140225,110.2,109.51,0.028
26/02/2014,20140226,110.09,109.52,0.036
27/02/2014,20140227,109.55,108.96,0.038
28/02/2014,20140228,108.95,109.07,0.046
03/03/2014,20140303,108.84,111.2,0.046
04/03/2014,20140304,111.47,109.3,0.046
05/03/2014,20140305,109.55,107.76,0.051
06/03/2014,20140306,108.47,108.1,0.061
07/03/2014,20140307,107.91,109,0.056
10/03/2014,20140310,108.53,108.08,0.051
11/03/2014,20140311,108.14,108.55,0.043
12/03/2014,20140312,108.44,108.02,0.053
13/03/2014,20140313,107.97,107.39,0.051
14/03/2014,20140314,107.67,107.93,0.053
17/03/2014,20140317,108.54,105.99,0.046
18/03/2014,20140318,107.07,106.54,0.046
19/03/2014,20140319,106.62,105.67,0.061
20/03/2014,20140320,106.06,106.24,0.053
21/03/2014,20140321,105.97,106.66,0.043
24/03/2014,20140324,107.15,106.61,0.041
25/03/2014,20140325,107.01,106.81,0.043
26/03/2014,20140326,107.18,106.92,0.038
27/03/2014,20140327,107.08,107.72,0.013
28/03/2014,20140328,107.53,107.96,0.028
31/03/2014,20140331,108.02,107.65,0.03
01/04/2014,20140401,107.63,105.56,0.02
02/04/2014,20140402,106.92,104.77,0.018
03/04/2014,20140403,104.61,106.09,0.023
04/04/2014,20140404,105.02,106.63,0.03
07/04/2014,20140407,106.5,105.82,0.028
08/04/2014,20140408,105.58,107.62,0.028
09/04/2014,20140409,106.49,107.95,0.03
10/04/2014,20140410,107.74,107.52,0.03
11/04/2014,20140411,107.4,107.4,0.028
14/04/2014,20140414,107.29,109.07,0.028
15/04/2014,20140415,108.08,109.36,0.03
16/04/2014,20140416,108.8,109.6,0.023
17/04/2014,20140417,110.02,109.53,0.018
18/04/2014,20140418,110.02,109.53,0.018
21/04/2014,20140421,109.57,109.95,0.023
22/04/2014,20140422,109.55,109.27,0.01
23/04/2014,20140423,109.32,109.11,0.013
24/04/2014,20140424,109.3,110.33,-0.003
25/04/2014,20140425,109.83,109.58,-0.003
28/04/2014,20140428,109.75,108.12,-0.003
29/04/2014,20140429,109.24,108.98,0.003
30/04/2014,20140430,109.01,108.07,0.015
01/05/2014,20140501,108.17,107.76,0.015
02/05/2014,20140502,107.47,108.59,0.005
05/05/2014,20140505,108.62,107.72,0.008
06/05/2014,20140506,108.11,107.06,0.013
07/05/2014,20140507,107.82,108.13,0.025
08/05/2014,20140508,107.67,108.04,0.018
09/05/2014,20140509,107.81,107.89,0.01
12/05/2014,20140512,108.46,108.41,0.008
13/05/2014,20140513,108.53,109.24,0.005
14/05/2014,20140514,108.83,110.19,0.013
15/05/2014,20140515,109.94,106.09,0.003
16/05/2014,20140516,110.42,106.47,0.005
19/05/2014,20140519,109.72,106.11,0.008
20/05/2014,20140520,110.05,106.49,0.01
21/05/2014,20140521,109.66,107.3,0.028
22/05/2014,20140522,110.44,107.09,0.033
23/05/2014,20140523,110.72,107.4,0.03
26/05/2014,20140526,110.72,107.4,0.03
27/05/2014,20140527,110.33,107.03,0.028
28/05/2014,20140528,110.22,106.88,0.03
29/05/2014,20140529,110.17,106.83,0.041
30/05/2014,20140530,110.4,106.36,0.038
02/06/2014,20140602,109.81,106.05,0.028
03/06/2014,20140603,109.38,106.05,0.041
04/06/2014,20140604,108.84,105.72,0.033
05/06/2014,20140605,109.34,106.16,0.02
06/06/2014,20140606,108.46,105.78,0.01
09/06/2014,20140609,109.11,106.88,0.023
10/06/2014,20140610,109.83,106.72,0.025
11/06/2014,20140611,110.03,107.25,0.018
12/06/2014,20140612,110.07,109.78,0.018
13/06/2014,20140613,112.04,109.76,0.018
16/06/2014,20140616,113.22,110.53,0.03
17/06/2014,20140617,113.01,111.1,0.023
18/06/2014,20140618,113.27,111.8,0.013
19/06/2014,20140619,113.99,112.48,0.005
20/06/2014,20140620,114.98,112.47,0.003
23/06/2014,20140623,115.06,112.14,0.005
24/06/2014,20140624,114.65,112.6,0.008
25/06/2014,20140625,114.45,111.97,0.008
26/06/2014,20140626,113.82,111.28,0.008
27/06/2014,20140627,113.63,111.4,0.01
30/06/2014,20140630,113.5,110.81,0.008
01/07/2014,20140701,112.63,110.99,0.008
02/07/2014,20140702,112.3,110.33,0.01
03/07/2014,20140703,111.54,109.93,0.008
04/07/2014,20140704,110.7,109.93,0.008
07/07/2014,20140707,110.58,109.31,0.01
08/07/2014,20140708,110.44,108.45,0.01
09/07/2014,20140709,109.49,108.08,0.028
10/07/2014,20140710,108.71,108.8,0.015
11/07/2014,20140711,108.44,107.63,0.02
14/07/2014,20140714,108.05,108.36,0.033
15/07/2014,20140715,107.58,107.33,0.015
16/07/2014,20140716,106.57,107.32,0.015
17/07/2014,20140717,107.18,107.69,0.023
18/07/2014,20140718,107.62,107.34,0.03
21/07/2014,20140721,107.86,108.08,0.018
22/07/2014,20140722,107.12,107.53,0.018
23/07/2014,20140723,107.75,108.21,0.03
24/07/2014,20140724,107.72,107.51,0.025
25/07/2014,20140725,107.39,108.69,0.028
28/07/2014,20140728,107.27,107.9,0.03
29/07/2014,20140729,107.21,108.21,0.023
30/07/2014,20140730,107.44,107.32,0.023
31/07/2014,20140731,107.07,106.92,0.008
01/08/2014,20140801,105.9,106.24,0.015
04/08/2014,20140804,105.03,106.53,0.008
05/08/2014,20140805,104.72,105.88,0.005
06/08/2014,20140806,104.6,106,0.025
07/08/2014,20140807,104.46,106.76,0.023
08/08/2014,20140808,105.31,106.24,0.02
11/08/2014,20140811,106.12,106.27,0.028
12/08/2014,20140812,105.44,104.99,0.033
13/08/2014,20140813,104.17,106.04,0.041
14/08/2014,20140814,103.92,103.16,0.03
15/08/2014,20140815,102.96,104.52,0.02
18/08/2014,20140818,102.61,102.74,0.02
19/08/2014,20140819,101.63,102.82,0.03
20/08/2014,20140820,101.37,103.43,0.043
21/08/2014,20140821,101.83,103.85,0.033
22/08/2014,20140822,101.62,103.59,0.025
25/08/2014,20140825,102.13,103.89,0.015
26/08/2014,20140826,102.31,103.81,0.02
27/08/2014,20140827,102.5,104.04,0.018
28/08/2014,20140828,102.42,103.58,0.01
29/08/2014,20140829,102.43,104.17,0.02
01/09/2014,20140901,102.7,104.17,0.02
02/09/2014,20140902,102.72,101.5,0.015
03/09/2014,20140903,101.26,103.84,0.018
04/09/2014,20140904,101.65,102.79,0.013
05/09/2014,20140905,102.15,101.97,0.013
08/09/2014,20140908,101.88,101.51,0.01
09/09/2014,20140909,100.46,100.62,0.003
10/09/2014,20140910,100.41,99.51,0.003
11/09/2014,20140911,99.14,99.57,0.003
12/09/2014,20140912,98.11,98.73,0.003
15/09/2014,20140915,98.37,98.62,0.003
16/09/2014,20140916,97.45,99.73,0.005
17/09/2014,20140917,98.2,99.56,0.005
18/09/2014,20140918,98.99,98.36,0.008
19/09/2014,20140919,98.34,99.03,-0.003
22/09/2014,20140922,97.74,97.7,-0.003
23/09/2014,20140923,97.23,97.58,0.003
24/09/2014,20140924,96.83,97.62,0.005
25/09/2014,20140925,96.29,97.63,-0.003
26/09/2014,20140926,96.72,97.63,0.003
29/09/2014,20140929,96.75,97.81,-0.003
30/09/2014,20140930,96.5,95.32,0.013
01/10/2014,20141001,96.27,94.79,0.008
02/10/2014,20141002,94.72,94,0.01
03/10/2014,20141003,92.38,92.88,0.01
06/10/2014,20141006,92.35,93.33,0.008
07/10/2014,20141007,92.24,92.57,0.003
08/10/2014,20141008,92.45,91.79,0.015
09/10/2014,20141009,91.55,90.37,0.015
10/10/2014,20141010,91.92,90.58,0.01
13/10/2014,20141013,89.88,89.41,0.01
14/10/2014,20141014,88.89,85.41,0.028
15/10/2014,20141015,87.27,84.12,0.008
16/10/2014,20141016,84.55,85.82,0.038
17/10/2014,20141017,84.52,86.16,0.028
20/10/2014,20141020,86.34,85.4,0.028
21/10/2014,20141021,85.49,86.22,0.028
22/10/2014,20141022,85.81,84.71,0.02
23/10/2014,20141023,86.19,86.83,0.01
24/10/2014,20141024,85.68,86.13,0.02
27/10/2014,20141027,85.99,85.83,0.02
28/10/2014,20141028,85.34,86.03,0.01
29/10/2014,20141029,85.9,87.12,0.008
30/10/2014,20141030,87.08,86.24,-0.0026
31/10/2014,20141031,86.25,85.86,-0.0051
03/11/2014,20141103,85.23,84.78,0.0254
04/11/2014,20141104,85.36,82.82,0.0381
05/11/2014,20141105,82.53,82.95,0.0304
06/11/2014,20141106,82.38,82.86,0.033
07/11/2014,20141107,83.17,83.39,0.0381
10/11/2014,20141110,83.75,82.34,0.0355
11/11/2014,20141111,84.39,81.67,0.033
12/11/2014,20141112,82.29,80.38,0.0431
13/11/2014,20141113,81.59,78.77,0.0457
14/11/2014,20141114,79.2,80.66,0.0406
17/11/2014,20141117,78.62,80.52,0.0152
18/11/2014,20141118,78.47,79.66,0.0076
19/11/2014,20141119,78.83,79.13,0.033
20/11/2014,20141120,78.7,80.25,0.0381
21/11/2014,20141121,78.58,81.42,0.0381
24/11/2014,20141124,80.21,80.73,0.0355
25/11/2014,20141125,80.07,79.31,0.0381
26/11/2014,20141126,79.43,78.7,0.0558
27/11/2014,20141127,78.11,78.7,0.0558
28/11/2014,20141128,74.4,71.14,0.0381
01/12/2014,20141201,72.3,73.45,0.0026
02/12/2014,20141202,70.71,71.49,0.0431
